Nodo,Identificador,Nombre_mun,Numero_loc,Nombre_loc,Longitud,Latitud,Pob_t,P_15A49_F,P_60YMAS,POB0_14,Poblacion con discapacidad,Poblacion no vulnerable,demanda
1,0071,Aramberri,0001,Aramberri,-99.81806667,24.10058611,2692,635,400,769,146,888,6
2,0072,Aramberri,0002,Agua Delgada,-99.86474583,24.03008972,177,42,23,55,9,57,6
3,0073,Aramberri,0003,El Alamar,-99.87471556,24.0837775,54,13,3,24,5,14,6
4,0074,Aramberri,0004,Álamos,-99.64123472,24.33760833,70,19,12,14,1,25,6
5,0075,Aramberri,0005,La Aldea,-99.80346389,24.08098,294,70,38,92,8,94,6
6,0076,Aramberri,0006,La Angostura,-99.88448444,24.41872167,4,,,,,,0
7,0077,Aramberri,0007,Las Ánimas (Presa de las Ánimas),-100.0096522,24.35977444,165,32,26,49,7,58,6
8,0078,Aramberri,0008,La Ascención,-99.91458806,24.32314722,2579,606,503,610,151,860,6
9,0079,Aramberri,0009,El Beso,-99.86400139,24.24846722,6,0,5,1,3,0,4
10,00710,Aramberri,0010,La Boquilla,-99.67605556,24.21883528,23,4,10,4,4,5,6
11,00711,Aramberri,0011,La Gota,-99.64202222,24.36203861,2,,,,,,0
12,00712,Aramberri,0012,La Caballada,-99.78826056,24.31814472,129,18,28,31,12,52,6
13,00713,Aramberri,0013,Cañón de Vacas (El Jardín),-99.72036583,24.29453528,102,24,20,21,0,37,4
14,00714,Aramberri,0014,La Carpintería,-99.80087333,24.05949972,86,20,23,22,18,21,6
15,00715,Aramberri,0015,El Carrizalillo,-99.759625,24.27471639,36,9,7,10,0,10,5
16,00717,Aramberri,0017,Dolores Palmita,-99.85234167,24.16471194,35,4,12,2,9,17,6
17,00719,Aramberri,0019,La Escondida,-99.92662083,24.107695,361,78,74,84,20,125,6
18,00720,Aramberri,0020,La Esperanza,-99.80931889,24.1540825,109,21,23,27,6,38,5
19,00722,Aramberri,0022,Rancho Nuevo (Las Hornillas),-99.79048028,24.02929556,154,38,25,41,1,50,5
20,00724,Aramberri,0024,Ibarrilla (Rincón de Ibarrilla),-99.672755,24.37309833,94,19,24,22,3,29,5
21,00725,Aramberri,0025,Ignacio Zaragoza,-99.62798611,24.39913306,108,19,37,21,6,31,5
22,00726,Aramberri,0026,Joyas de Bocacelly,-99.73293194,24.191685,59,11,14,11,7,23,6
23,00727,Aramberri,0027,Joyas y Anteojitos,-99.85523528,24.21467444,120,23,32,24,5,41,5
24,00728,Aramberri,0028,Laguna de Bocacelly,-99.70586444,24.19813611,53,11,18,6,10,18,6
25,00729,Aramberri,0029,Lagunita (Lagunita de los Cerda),-99.83429667,24.00784167,15,,,,,,0
26,00731,Aramberri,0031,Lampacitos,-99.69517417,24.24253667,203,45,43,55,9,60,6
27,00733,Aramberri,0033,Marmolejo,-99.78434639,24.13480111,80,14,17,24,13,25,6
28,00734,Aramberri,0034,Milpillas,-99.79447667,24.35887056,105,20,21,33,0,31,4
29,00736,Aramberri,0036,El Nacimiento,-99.71977639,24.23978833,44,6,15,12,3,11,6
30,00737,Aramberri,0037,Los Nogales,-99.81852333,24.12958083,106,26,19,32,7,29,5
31,00739,Aramberri,0039,El Porvenir,-99.78199917,24.15630972,30,5,8,5,3,12,5
32,00740,Aramberri,0040,Potrero del Padre (Lagunita de González),-99.75439556,24.07445722,42,9,3,19,0,11,4
33,00741,Aramberri,0041,Potrero de Zamora,-99.92732528,24.02780222,64,10,20,16,18,18,5
34,00742,Aramberri,0042,Las Presas,-100.0323025,24.31377972,82,18,14,26,1,24,6
35,00743,Aramberri,0043,Puerto Bajo,-99.8649925,24.28277778,59,9,24,8,4,18,5
36,00744,Aramberri,0044,Puerto Carretas,-99.96039556,24.05073944,76,16,18,20,8,22,6
37,00745,Aramberri,0045,Rancho Nuevo,-99.79328528,24.02591583,66,14,11,18,2,23,5
38,00746,Aramberri,0046,El Realito (La Parrita),-99.83628306,24.10250722,175,45,21,49,10,60,6
39,00747,Aramberri,0047,La Reforma,-99.88188833,24.24069944,96,21,18,28,4,29,6
40,00748,Aramberri,0048,El Refugio (Refugio de Texas),-99.75420083,24.3697625,92,18,13,26,11,35,5
41,00749,Aramberri,0049,El Rincón de Jesús,-99.669895,24.41426111,26,7,7,4,2,8,5
42,00751,Aramberri,0051,Poblado el Río (El Sabinito),-99.68605556,24.14425278,11,2,4,2,0,3,4
43,00752,Aramberri,0052,El Rodeo,-99.66475167,24.23508944,34,7,9,5,2,13,6
44,00753,Aramberri,0053,El Rucio,-99.80781278,24.39755889,82,14,15,19,1,34,6
45,00754,Aramberri,0054,El Sacramento,-99.75064028,24.26116028,57,10,12,12,1,23,5
46,00755,Aramberri,0055,Salitrillo,-99.85946917,24.09051528,56,15,8,15,3,18,6
47,00756,Aramberri,0056,San Bartolo,-99.83046806,24.27045444,3,,,,,,0
48,00757,Aramberri,0057,Sandia el Chico,-100.0754772,24.07396639,2,,,,,,0
49,00758,Aramberri,0058,Sandia (Sandia el Grande),-100.0749394,24.19873306,1110,277,143,287,76,403,6
50,00759,Aramberri,0059,San Isidro,-99.95431778,24.35281583,145,27,25,47,0,46,5
51,00760,Aramberri,0060,San Joaquín de Soto,-99.91518833,24.23656806,213,43,59,44,12,67,6
52,00761,Aramberri,0061,San José del Jilguero,-99.84223028,24.34427111,40,6,7,8,2,19,6
53,00762,Aramberri,0062,San Juan de Avilés,-100.0706169,24.17306389,136,31,34,36,14,35,6
54,00763,Aramberri,0063,San Juanito de Reséndiz,-99.85834694,24.26608278,82,14,31,20,8,17,6
55,00764,Aramberri,0064,San Juanito de Solís,-99.94223167,24.44208417,60,13,8,19,0,20,4
56,00765,Aramberri,0065,Puentes (San Juan y Puentes),-100.0629356,24.14610611,281,52,66,65,26,98,6
57,00767,Aramberri,0067,San Rafael de los Cortez (Las Cruces),-99.74099583,24.24954583,39,6,17,7,4,9,5
58,00768,Aramberri,0068,San Rafael del Llano,-99.87153333,24.24064083,127,25,31,27,5,44,6
59,00769,Aramberri,0069,Santa Cruz,-99.79698417,24.04352667,23,5,3,7,0,8,4
60,00770,Aramberri,0070,El Saucillo,-99.70957444,24.23047306,10,0,8,0,3,2,4
61,00773,Aramberri,0073,La Soledad (Rusia),-100.0478944,24.00859278,425,96,77,112,26,140,6
62,00774,Aramberri,0074,El Tejocote,-99.85538167,24.25988306,40,7,19,5,4,9,6
63,00776,Aramberri,0076,La Trinidad,-100.0588044,24.09992083,643,130,103,194,110,216,6
64,00777,Aramberri,0077,La Victoria (Los Ángeles),-100.1351222,24.27616694,147,33,32,40,14,42,5
65,00778,Aramberri,0078,Las Virgenes,-99.69487806,24.23690639,30,6,7,10,3,7,6
66,00779,Aramberri,0079,Yerbaniz,-99.67135306,24.25330194,3,,,,,,0
67,00781,Aramberri,0081,San Enrique (Los Mendoza),-99.97110278,24.46139861,10,1,1,5,0,3,4
68,00783,Aramberri,0083,San Rafael de la Angostura (La Cueva),-99.8675,24.40568,2,,,,,,0
69,00784,Aramberri,0084,El Jilguero,-99.84294417,24.39175,13,2,5,1,0,5,4
70,00785,Aramberri,0085,La Canoa,-99.88413278,24.46038806,57,14,4,17,0,22,4
71,00788,Aramberri,0088,Las Delicias,-99.71829778,24.42700333,2,,,,,,0
72,00789,Aramberri,0089,Puerto Rincón de Jesús,-99.6624025,24.43289806,6,,,,,,0
73,00790,Aramberri,0090,Ojo de Agua,-99.68225528,24.38872028,14,6,2,2,1,4,6
74,00796,Aramberri,0096,La Mora,-99.76522278,24.30390528,9,0,5,2,2,2,4
75,00797,Aramberri,0097,La Reforma,-99.75339833,24.29436861,17,4,3,3,2,7,5
76,007101,Aramberri,0101,Lagunitas,-99.68300917,24.33019417,4,,,,,,0
77,007102,Aramberri,0102,La Sabanilla,-100.1414867,24.22207806,1,,,,,,0
78,007103,Aramberri,0103,Milpa Vieja (San Manuel),-99.90485833,24.24094167,15,4,4,3,0,4,4
79,007105,Aramberri,0105,El Coyote,-99.8860775,24.23693667,13,3,7,0,3,3,4
80,007113,Aramberri,0113,Las Huertas,-99.79947028,24.2789625,4,,,,,,0
81,007114,Aramberri,0114,La Lajilla,-99.74911417,24.28572222,11,2,2,2,0,5,3
82,007115,Aramberri,0115,Las Joyitas,-99.72921111,24.28112806,5,0,3,0,0,2,1
83,007116,Aramberri,0116,El Cuervo Uno,-99.707425,24.27286389,2,,,,,,0
84,007118,Aramberri,0118,Cedritos,-100.1229717,24.17159667,47,8,10,12,5,17,6
85,007120,Aramberri,0120,La Rosita (Los Llanitos),-99.9134425,24.16704472,87,24,13,23,9,27,6
86,007125,Aramberri,0125,Aranjuez,-99.78680694,24.14847722,5,,,,,,0
87,007130,Aramberri,0130,El Mezquital,-99.76014194,24.16164528,24,5,2,9,1,8,5
88,007136,Aramberri,0136,El Refugio,-99.83109972,24.15065194,1,,,,,,0
89,007137,Aramberri,0137,El Tejón,-99.81411139,24.14880833,4,,,,,,0
90,007138,Aramberri,0138,El Molino,-99.80955361,24.14573083,17,5,2,4,1,6,5
91,007139,Aramberri,0139,San Isidro,-99.81587861,24.14292111,5,,,,,,0
92,007140,Aramberri,0140,El Olmo,-99.80997944,24.13940917,20,4,4,4,2,8,5
93,007141,Aramberri,0141,La Peña,-99.810105,24.13427583,8,2,3,1,0,2,4
94,007142,Aramberri,0142,Las Veredas,-99.80775361,24.13776694,21,5,2,7,0,7,4
95,007143,Aramberri,0143,La Florida,-99.82336417,24.12111583,129,34,8,41,6,46,6
96,007145,Aramberri,0145,San Patricio,-99.8327125,24.10079944,11,2,2,5,1,2,6
97,007146,Aramberri,0146,El Muerto,-99.84576222,24.09399806,16,4,2,6,2,4,5
98,007148,Aramberri,0148,Santa Teresa,-99.74105667,24.15788889,23,4,5,4,0,10,4
99,007149,Aramberri,0149,Chaloa (San Mauricio),-99.73425528,24.15816806,2,,,,,,0
100,007150,Aramberri,0150,Las Higueritas,-99.74603444,24.15778806,5,,,,,,0
101,007151,Aramberri,0151,El Rosario,-99.7144425,24.13611028,4,0,2,0,0,2,2
102,007152,Aramberri,0152,La Sabanilla,-100.0203053,23.946505,53,16,2,15,1,20,6
103,007154,Aramberri,0154,La Lagunita (Lagunita de los Vázquez),-99.96730944,24.01407917,55,13,11,13,2,18,6
104,007156,Aramberri,0156,Las Mancuernas,-99.8794875,24.06502917,67,11,15,19,13,22,6
105,007157,Aramberri,0157,El Rincón,-99.80309028,24.07274472,5,,,,,,0
106,007159,Aramberri,0159,El Gato,-99.78802972,24.02256278,3,,,,,,0
107,007160,Aramberri,0160,El Monal,-99.78738944,24.01857389,52,12,13,12,8,15,6
108,007161,Aramberri,0161,El Cedrito,-99.78272361,24.01409194,13,2,2,6,0,3,3
109,007164,Aramberri,0164,Agua Fría,-99.71018222,24.04825778,40,12,5,14,2,9,5
110,007165,Aramberri,0165,Garza,-99.67705417,24.04776472,4,,,,,,0
111,007168,Aramberri,0168,Guadalupe Victoria,-99.82798917,24.43344833,73,11,19,14,2,29,6
112,007170,Aramberri,0170,Las Juanas,-99.90957361,24.3759375,30,7,5,7,0,11,4
113,007173,Aramberri,0173,El Jardín (Cañón de Vacas),-99.73460278,24.29349111,18,3,3,5,0,7,4
114,007179,Aramberri,0179,La Vieja,-99.69157528,24.125405,22,4,3,9,0,6,4
115,007192,Aramberri,0192,El Nogalar (La Pita),-99.69490806,24.14205528,22,5,1,6,1,10,5
116,007200,Aramberri,0200,Puerto de Anteojitos,-99.89079583,24.20980167,92,21,8,33,1,30,6
117,007202,Aramberri,0202,Cementerio (La Providencia),-99.79577556,24.15736444,8,,,,,,0
118,007206,Aramberri,0206,Guadalupe de los Navarro,-99.83633583,24.43353972,38,7,5,11,4,15,6
119,007207,Aramberri,0207,Las Ánimas,-99.83878444,24.0976375,2,,,,,,0
120,007208,Aramberri,0208,Milpillas,-99.89738722,24.04184889,9,,,,,,0
121,007211,Aramberri,0211,Agua Adentro,-99.75702917,24.06208417,8,,,,,,0
122,007212,Aramberri,0212,El Anillo,-99.77371056,24.15811972,2,,,,,,0
123,007213,Aramberri,0213,Arroyo de Piedras,-99.85576111,24.0909025,1,,,,,,0
124,007216,Aramberri,0216,San Francisco de Leos,-99.71887139,24.31264694,11,,,,,,0
125,007217,Aramberri,0217,Los Cuartitos,-99.7849275,24.156005,32,3,12,3,1,14,6
126,007219,Aramberri,0219,Granjenal,-99.87976667,24.08389833,8,,,,,,0
127,007220,Aramberri,0220,Hoya de Bocacil,-99.71448167,24.2227325,6,,,,,,0
128,007221,Aramberri,0221,La Laguna,-99.8773925,24.24888694,10,,,,,,0
129,007222,Aramberri,0222,El Leoncito,-99.69899083,24.29363556,2,,,,,,0
130,007225,Aramberri,0225,La Mesa de Alcocer,-99.81005556,24.40579417,20,6,3,6,1,5,6
131,007226,Aramberri,0226,La Nueva Reforma (Buenos Aires),-100.0638392,24.08933667,34,9,1,12,1,12,5
132,007230,Aramberri,0230,Presa de Anteojitos,-99.8829925,24.22015389,11,1,7,0,1,3,5
133,007234,Aramberri,0234,Santa Rita,-99.86704028,24.21380361,39,7,9,12,2,11,5
134,007236,Aramberri,0236,El Yerbaniz,-99.66370556,24.24966667,42,10,2,12,1,18,6
135,007238,Aramberri,0238,El Pitacoche,-99.82701667,24.10553889,5,,,,,,0
136,007241,Aramberri,0241,El Callejón de la Cueva,-99.80762583,24.09344889,22,5,6,7,2,4,6
137,007243,Aramberri,0243,La Hoya de los Nogales,-99.81441028,24.1121775,107,28,21,33,6,25,5
138,007244,Aramberri,0244,Los Laureles,-99.64378111,24.3547175,4,,,,,,0
139,007246,Aramberri,0246,La Palmita,-99.75306722,24.16307583,16,3,4,4,2,5,5
140,007247,Aramberri,0247,La Paila,-99.78089833,24.15036139,3,,,,,,0
141,007249,Aramberri,0249,El Pitacoche (La Tinaja),-99.82876833,24.10284167,24,5,4,7,1,8,6
142,007251,Aramberri,0251,Vista Hermosa,-99.83466389,24.35444167,6,1,1,0,0,4,3
143,007254,Aramberri,0254,Fraccionamiento del Río (Fracción del Río),-99.68373167,24.16039833,54,13,7,16,2,18,6
144,007264,Aramberri,0264,Callejón de los Vázquez,-99.81322806,24.10560889,98,22,15,29,12,32,6
145,007265,Aramberri,0265,Aramberri (Brownsville),-99.809805,24.09649611,22,4,3,6,7,9,4
146,007266,Aramberri,0266,Aramberri,-99.82274694,24.10749417,13,3,2,4,2,4,5
147,007269,Aramberri,0269,La Atarjea (El Pinal),-99.86452139,24.47443833,15,,,,,,0
148,007273,Aramberri,0273,La Muralla,-99.87305,24.48093333,4,,,,,,0
149,007274,Aramberri,0274,El Pinalito,-99.91180833,24.17570083,44,14,4,8,0,18,4
150,007277,Aramberri,0277,Agua de Enmedio (Los Pocitos),-99.84200111,24.37220611,29,7,6,8,0,8,4
151,007278,Aramberri,0278,El Astillero,-99.7595475,24.3848775,4,,,,,,0
152,007284,Aramberri,0284,La Vieja,-99.65923861,24.07685,4,,,,,,0
153,007292,Aramberri,0292,La Corona,-99.70242833,24.23685806,5,,,,,,0
154,007293,Aramberri,0293,San Rafael de los Cortez,-99.74267639,24.22607333,40,8,1,20,0,11,3
155,007294,Aramberri,0294,La Purísima,-99.79695333,24.14968833,4,,,,,,0
156,007296,Aramberri,0296,El Naranjo,-99.64647944,24.34403694,4,,,,,,0
157,007297,Aramberri,0297,El Puerto,-99.63593056,24.43341944,2,,,,,,0
158,007302,Aramberri,0302,El Derramadero,-99.89630222,24.28435806,5,,,,,,0
159,007303,Aramberri,0303,Puerto Piñones,-100.0173592,24.45110306,102,26,14,26,2,36,5
160,007304,Aramberri,0304,Aramberri,-99.82005222,24.09410861,16,3,2,7,0,4,4
161,007307,Aramberri,0307,El Tepozán,-100.0066583,23.97668333,2,,,,,,0
162,007308,Aramberri,0308,La Lobera,-99.91220667,24.05800639,1,,,,,,0
163,007310,Aramberri,0310,San Rafael de los Cortez (La Cuesta),-99.74492889,24.24079694,75,9,18,20,4,28,6
164,007312,Aramberri,0312,Las Higueritas,-99.72032833,24.27690472,1,,,,,,0
165,007314,Aramberri,0314,El Cuervo Dos,-99.71707639,24.27517139,15,3,2,4,0,6,4
166,007321,Aramberri,0321,El Divisadero,-99.63142111,24.39296333,2,,,,,,0
167,007322,Aramberri,0322,Jesús María,-99.79898167,24.13588,18,2,8,0,1,8,4
168,007323,Aramberri,0323,Rancho Nuevo,-99.9489875,24.43341361,3,,,,,,0
169,007324,Aramberri,0324,La Víbora,-100.1388086,24.20135111,8,,,,,,0
170,007325,Aramberri,0325,Erasmo Vázquez,-100.0859694,24.20069444,6,,,,,,0
171,007329,Aramberri,0329,Juan Méndez Castro,-99.90473222,24.32412833,5,,,,,,0
172,007330,Aramberri,0330,La Peña,-100.0609539,24.1543225,1,,,,,,0
173,007333,Aramberri,0333,Duraznillos,-99.66906528,24.49141944,14,2,4,4,1,4,5
174,007334,Aramberri,0334,Las Mulas,-99.66538333,24.475525,3,,,,,,0
175,007337,Aramberri,0337,Emiliano Zapata,-99.82530611,24.12009417,3,,,,,,0
176,007338,Aramberri,0338,Hermanos Vázquez,-99.96913361,24.03179278,2,,,,,,0
177,007339,Aramberri,0339,Puerto Bajo,-99.87533694,24.27299667,9,2,2,2,0,3,3
178,007340,Aramberri,0340,Noyola,-99.88274,24.26857167,2,,,,,,0
179,007341,Aramberri,0341,Cañón de Vacas (Cañón de Arriba),-99.7174675,24.31064972,41,9,5,12,2,15,6
180,007343,Aramberri,0343,Rojas,-99.67386611,24.35271639,3,,,,,,0
181,007344,Aramberri,0344,Madero,-100.1086644,24.08059778,8,,,,,,0
182,0141,Doctor Arroyo,0001,Doctor Arroyo,-100.1822556,23.67469167,11822,3071,1267,3582,583,3902,6
183,0142,Doctor Arroyo,0002,Acuña,-100.0913656,23.77242722,334,76,78,82,19,98,6
184,0143,Doctor Arroyo,0003,Agua Nueva,-100.0845081,23.5724725,252,58,27,83,15,84,6
185,0144,Doctor Arroyo,0004,Puerta de Aguilar,-100.3265403,23.84076861,281,60,37,100,9,84,6
186,0145,Doctor Arroyo,0005,Palmillas (Aguilillas),-100.2337325,24.20537194,92,11,18,30,8,33,6
187,0146,Doctor Arroyo,0006,La Agüita,-100.1845389,23.96570083,136,31,16,43,26,46,5
188,0147,Doctor Arroyo,0007,El Álamo,-100.1346406,23.82138528,118,21,24,31,1,42,6
189,0148,Doctor Arroyo,0008,Albercones,-100.218605,23.70069278,287,68,39,75,28,105,6
190,0149,Doctor Arroyo,0009,Los Altitos,-100.1418111,23.61233889,130,28,14,47,13,41,6
191,01410,Doctor Arroyo,0010,Álvaro Obregón (Cruz de Costilla),-100.4182483,23.70284278,107,23,24,29,7,31,6
192,01411,Doctor Arroyo,0011,Amaro,-100.2072192,24.03323417,142,26,39,37,17,40,6
193,01412,Doctor Arroyo,0012,Los Arreozola,-100.1591708,23.63040528,104,24,7,44,0,29,4
194,01413,Doctor Arroyo,0013,La Baticolla,-100.474385,23.88700556,7,,,,,,0
195,01414,Doctor Arroyo,0014,La Bolsa,-100.0166306,23.73184444,158,30,33,46,9,49,6
196,01415,Doctor Arroyo,0015,La Bolsa y Flores,-100.2255983,23.6615375,13,3,5,1,1,4,5
197,01416,Doctor Arroyo,0016,La Boquilla,-100.5101225,24.35560583,39,3,11,5,3,20,6
198,01417,Doctor Arroyo,0017,Boquillas,-100.3291306,23.55471944,299,62,46,89,26,102,6
199,01420,Doctor Arroyo,0020,El Canelo,-100.3923447,24.31201611,115,27,30,25,12,33,6
200,01421,Doctor Arroyo,0021,Capaderito,-100.0908986,23.73756528,171,33,34,59,5,45,5
201,01422,Doctor Arroyo,0022,El Capadero (Capadero Grande),-100.1170319,23.70465556,20,2,9,2,7,7,6
202,01423,Doctor Arroyo,0023,Carmen de la Laja,-100.3115922,23.79614667,397,88,71,113,35,125,6
203,01424,Doctor Arroyo,0024,Carmen de Castaño,-99.95874222,23.63518083,298,62,48,94,12,94,6
204,01425,Doctor Arroyo,0025,Las Catorce,-100.3683642,23.39523389,237,49,26,88,3,74,6
205,01426,Doctor Arroyo,0026,El Cerrito del Aire,-100.23259,23.59117333,145,32,34,38,8,41,6
206,01427,Doctor Arroyo,0027,Cerrito de Vacas,-100.4164606,23.90956083,171,32,37,54,10,48,6
207,01428,Doctor Arroyo,0028,Coloradas,-100.1794519,23.96604444,195,43,39,47,36,66,6
208,01429,Doctor Arroyo,0029,La Concepción,-100.3713561,23.3062075,246,55,43,73,2,75,6
209,01430,Doctor Arroyo,0030,El Consuelo,-100.4242439,23.71067528,80,15,26,14,15,25,6
210,01431,Doctor Arroyo,0031,La Contra de los Chávez,-100.240955,23.68931583,37,8,5,15,0,9,5
211,01432,Doctor Arroyo,0032,Cruz de Elorza,-100.4645306,23.83526528,320,64,89,65,38,102,6
212,01433,Doctor Arroyo,0033,Los Cuartos,-100.3039708,23.76407083,204,41,32,57,20,74,6
213,01434,Doctor Arroyo,0034,San Isidro de Martínez (Las Cuatas),-100.0099222,23.85368139,43,8,11,13,1,11,6
214,01435,Doctor Arroyo,0035,Charco de la Granja,-100.3592564,23.9454675,147,32,14,44,5,57,6
215,01436,Doctor Arroyo,0036,El Charquillo,-100.3027625,23.74145111,338,61,64,115,39,98,6
216,01437,Doctor Arroyo,0037,La Chiripa,-100.3699472,23.72055778,139,25,22,45,13,47,6
217,01438,Doctor Arroyo,0038,San José de los Degollado,-100.2364153,23.68340556,9,,,,,,0
218,01439,Doctor Arroyo,0039,San Francisco de los Desmontes,-100.2515756,23.74296972,89,20,7,32,3,30,6
219,01440,Doctor Arroyo,0040,El Durazno,-100.4097783,23.88058444,12,2,4,3,0,3,5
220,01441,Doctor Arroyo,0041,La Escondida de Arzola,-100.4647542,23.88343611,126,26,28,33,22,39,6
221,01442,Doctor Arroyo,0042,San José de la Luz,-100.4261944,23.54586944,77,16,7,23,4,31,6
222,01443,Doctor Arroyo,0043,Estanque Nuevo,-100.2520936,24.10896556,60,9,24,6,13,21,6
223,01445,Doctor Arroyo,0045,Guadalupe de Silva,-100.4614222,23.80999972,100,16,33,21,7,30,6
224,01446,Doctor Arroyo,0046,Las Huertas de Quiroga,-99.98206222,23.77787222,91,18,17,28,16,28,6
225,01447,Doctor Arroyo,0047,El Jabalí,-100.2345169,23.64137917,4,,,,,,0
226,01448,Doctor Arroyo,0048,Las Jarillas,-100.2686861,23.76693194,140,24,31,43,22,42,6
227,01449,Doctor Arroyo,0049,El Jarro,-100.3145861,23.71199611,75,7,40,5,17,23,6
228,01450,Doctor Arroyo,0050,Jesús María de Berrones,-100.0289889,23.917185,251,57,29,88,22,77,6
229,01451,Doctor Arroyo,0051,Jesús María y el Salto,-100.3459553,23.81937861,185,34,31,53,15,67,6
230,01452,Doctor Arroyo,0052,El Jilguero,-100.4955714,23.90540417,3,,,,,,0
231,01453,Doctor Arroyo,0053,La Joya del Orégano,-100.5221125,23.83647306,35,6,4,15,5,10,5
232,01454,Doctor Arroyo,0054,Lagunita de Castillo,-100.3721756,23.496155,425,94,73,140,3,118,6
233,01456,Doctor Arroyo,0056,Lagunita y Ranchos Nuevos,-100.3627694,24.21889278,75,18,9,20,18,28,6
234,01457,Doctor Arroyo,0057,La Lagunita,-100.4869517,23.86775528,95,25,10,33,11,27,6
235,01458,Doctor Arroyo,0058,La Lajilla,-100.1721606,23.55798722,3,,,,,,0
236,01459,Doctor Arroyo,0059,La Lajita,-100.3250808,23.76639556,196,41,55,45,32,55,6
237,01460,Doctor Arroyo,0060,El Leoncito,-100.5464447,24.41785861,55,9,19,8,8,19,6
238,01461,Doctor Arroyo,0061,La Lobera de Loera,-100.4493544,23.64124583,2,,,,,,0
239,01462,Doctor Arroyo,0062,La Lobera de Portillo,-100.2133331,23.57267417,133,26,11,53,13,43,6
240,01463,Doctor Arroyo,0063,Entronque los Medina (La Loma),-100.4131997,24.01572194,327,100,31,86,23,110,6
241,01465,Doctor Arroyo,0065,La Luz de Tebaida,-100.4440725,23.62246056,17,2,4,6,0,5,4
242,01466,Doctor Arroyo,0066,El Llano,-100.4438072,23.57783083,6,,,,,,0
243,01467,Doctor Arroyo,0067,Madrugadores,-100.1981492,23.62257944,41,9,5,15,4,12,5
244,01469,Doctor Arroyo,0069,Los Medina,-100.3804864,24.01192528,527,115,100,130,55,182,6
245,01470,Doctor Arroyo,0070,Mesa de González,-100.3358644,24.29352167,70,11,22,19,9,18,6
246,01472,Doctor Arroyo,0072,Mesa del Traidor,-100.2332064,23.83964611,252,48,40,88,38,76,6
247,01473,Doctor Arroyo,0073,El Milagro,-100.3583706,23.78407472,80,20,11,24,3,25,6
248,01476,Doctor Arroyo,0076,El Mirador,-100.3868281,23.97793,1,,,,,,0
249,01478,Doctor Arroyo,0078,Nueva Rosita,-100.2953658,24.17362917,13,4,4,0,1,5,4
250,01479,Doctor Arroyo,0079,El Ojo de Agua,-100.2076817,23.76095889,28,6,4,9,1,9,5
251,01480,Doctor Arroyo,0080,Palma Gorda,-100.0696506,23.60048639,350,86,51,109,20,104,6
252,01481,Doctor Arroyo,0081,Panalillos,-100.1654258,23.58627111,85,22,10,28,4,25,6
253,01482,Doctor Arroyo,0082,Panales de Arriba,-100.1506861,23.59330583,447,107,46,156,28,138,6
254,01483,Doctor Arroyo,0083,El Pequeño,-100.2749739,24.06066583,65,6,31,9,13,19,6
255,01485,Doctor Arroyo,0085,El Pineño,-100.0553672,23.73008278,59,13,9,21,0,16,4
256,01486,Doctor Arroyo,0086,El Pocito,-100.3520283,23.74748778,147,31,21,45,5,50,5
257,01487,Doctor Arroyo,0087,Pompeya,-99.93835333,23.67476639,199,43,27,68,7,61,6
258,01488,Doctor Arroyo,0088,Presa de Guadalupe,-100.4332969,24.10354833,26,5,11,2,4,8,6
259,01489,Doctor Arroyo,0089,Presa de Maltos,-100.3932822,23.24731806,483,97,77,157,51,152,6
260,01490,Doctor Arroyo,0090,La Presa de Quintero,-100.2275767,23.73117278,118,28,18,31,12,41,6
261,01491,Doctor Arroyo,0091,Presa San Antonio,-100.2925544,24.23963806,65,11,19,16,7,19,6
262,01492,Doctor Arroyo,0092,Presa de San Carlos,-99.97639528,23.57948722,285,58,40,77,14,110,6
263,01493,Doctor Arroyo,0093,La Presita de Macías,-100.538485,23.87117389,67,16,7,24,9,20,6
264,01494,Doctor Arroyo,0094,La Presita de Rueda,-100.0613061,23.732745,110,23,25,29,1,33,5
265,01496,Doctor Arroyo,0096,Puerta de Aguilar,-100.3091586,23.82663083,56,17,7,13,8,19,6
266,01497,Doctor Arroyo,0097,Puerto de Dolores,-100.4677417,23.56403722,152,23,45,42,24,42,6
267,01498,Doctor Arroyo,0098,La Puerta de Leija (La Lagunita),-100.1308467,23.71841417,3,,,,,,0
268,01499,Doctor Arroyo,0099,Puerto del Aire,-100.4289169,23.36735306,415,94,71,137,14,113,6
269,014100,Doctor Arroyo,0100,San José del Puerto,-100.1461533,23.83098639,21,4,7,6,0,4,5
270,014102,Doctor Arroyo,0102,Santa Teresa (Don Jesús),-100.1711622,23.63458306,46,10,2,21,5,13,5
271,014104,Doctor Arroyo,0104,Rancho Largo,-100.1967256,23.64165861,117,18,19,33,9,47,6
272,014105,Doctor Arroyo,0105,La Reforma,-100.3557139,23.96480333,29,3,12,1,6,13,6
273,014106,Doctor Arroyo,0106,El Refugio de Apanico,-100.0689289,23.79452917,41,7,8,12,5,14,6
274,014107,Doctor Arroyo,0107,El Refugio de las Viejas,-100.2255508,23.67703028,43,8,9,12,5,14,6
275,014108,Doctor Arroyo,0108,El Refugio de Cedillo,-100.2859969,24.01323389,139,24,44,32,18,39,6
276,014109,Doctor Arroyo,0109,El Refugio y el Reparo,-100.340455,23.65797278,234,51,43,76,23,64,6
277,014110,Doctor Arroyo,0110,El Represadero,-100.3612853,23.89744306,119,22,26,34,13,37,6
278,014111,Doctor Arroyo,0111,Rinconada de Martínez (San José de Rinconada),-100.31242,24.076585,23,3,6,6,2,8,6
279,014112,Doctor Arroyo,0112,El Rucio,-100.5231228,23.97410778,145,25,46,43,12,31,6
280,014113,Doctor Arroyo,0113,Los Saldaña (Santa Rita de los Saldaña),-100.2484369,23.6738575,12,1,8,1,5,2,6
281,014114,Doctor Arroyo,0114,San Agustín de Valdez,-100.3689458,23.59840417,78,16,10,23,6,29,6
282,014117,Doctor Arroyo,0117,San Antonio de Peña Nevada,-99.9817325,23.7464175,393,73,87,103,46,130,6
283,014119,Doctor Arroyo,0119,San Blas,-100.4352364,23.67837944,37,7,7,9,4,14,6
284,014120,Doctor Arroyo,0120,San Cayetano de Vacas,-100.4328981,23.94508278,504,124,64,153,43,163,6
285,014121,Doctor Arroyo,0121,San Diego,-100.3716622,23.6812725,6,1,2,2,2,1,5
286,014122,Doctor Arroyo,0122,San Felipe,-100.4140428,23.87710194,19,5,0,7,0,7,2
287,014123,Doctor Arroyo,0123,San Felipe,-100.2992472,24.10089361,71,16,12,20,3,23,6
288,014124,Doctor Arroyo,0124,San Francisco de Borja,-100.2972092,23.93833917,1,,,,,,0
289,014125,Doctor Arroyo,0125,San Francisco del Retiro,-100.4674436,24.16019917,3,,,,,,0
290,014126,Doctor Arroyo,0126,San Francisco del Yugo,-100.4503967,23.77068083,74,17,16,19,6,22,6
291,014127,Doctor Arroyo,0127,San Francisco de la Mesa,-100.1322517,23.65766278,1,,,,,,0
292,014128,Doctor Arroyo,0128,San Francisco de Zúñiga,-100.4226583,23.85858028,52,8,11,14,3,19,6
293,014129,Doctor Arroyo,0129,San Gregorio,-100.3935642,23.67619139,101,27,23,23,11,28,6
294,014130,Doctor Arroyo,0130,San Ignacio de Torres,-100.3928825,23.60045222,175,44,29,46,22,56,6
295,014132,Doctor Arroyo,0132,San Isidro de Fernández,-100.2310975,23.61556028,241,52,46,74,18,69,6
296,014133,Doctor Arroyo,0133,San Joaquín,-100.4608092,23.79493806,47,8,7,10,3,22,5
297,014134,Doctor Arroyo,0134,San José de Flores,-100.2352,23.55477472,105,19,24,31,15,31,6
298,014135,Doctor Arroyo,0135,San José del Palmar (El Pachón),-100.577895,24.31049694,22,2,10,1,2,9,5
299,014136,Doctor Arroyo,0136,San José del Sitio,-100.2385783,24.22480333,49,8,15,6,11,20,5
300,014137,Doctor Arroyo,0137,San José y la Pinta,-100.4181028,23.61848,41,7,12,10,3,12,6
301,014138,Doctor Arroyo,0138,San Juan de la Cruz,-99.98914306,23.82070194,349,79,71,84,44,115,6
302,014139,Doctor Arroyo,0139,San Juan del Palmar,-100.2966642,23.95919472,269,53,66,71,47,79,6
303,014140,Doctor Arroyo,0140,San Juan del Pame,-100.2520544,23.64239306,1,,,,,,0
304,014141,Doctor Arroyo,0141,San Juanito,-100.4261994,23.827285,82,16,16,18,11,32,6
305,014142,Doctor Arroyo,0142,San Mateo,-100.0706517,23.83943111,28,3,8,8,6,9,6
306,014143,Doctor Arroyo,0143,San Miguel de los Aguirre,-100.4552692,23.7240475,69,15,28,16,0,10,5
307,014144,Doctor Arroyo,0144,San Miguelito,-100.3432122,23.86749194,34,5,10,3,2,16,5
308,014145,Doctor Arroyo,0145,San Pablo de Rueda,-100.2677753,24.19165528,130,18,40,30,25,42,6
309,014146,Doctor Arroyo,0146,San Pedro de Nolasco,-100.3867253,23.58999722,39,9,6,13,1,11,6
310,014147,Doctor Arroyo,0147,San Pedro de González (San Pedro de Rueda),-100.1828664,23.83538833,369,75,75,103,11,116,6
311,014148,Doctor Arroyo,0148,San Rafael y la Cecilia,-100.4225186,23.85191139,13,4,4,1,3,4,6
312,014149,Doctor Arroyo,0149,San Ramón de Fernández,-100.2106022,23.60939083,1,,,,,,0
313,014150,Doctor Arroyo,0150,San Ramón de los Martínez,-100.3179444,23.88461083,530,89,150,121,44,170,6
314,014151,Doctor Arroyo,0151,San Vicente de Rueda,-100.1099767,23.79104111,43,8,7,10,1,18,6
315,014152,Doctor Arroyo,0152,San Vicente de González,-100.3882789,24.3045925,104,27,15,32,10,30,6
316,014153,Doctor Arroyo,0153,San Vicente de la Puerta,-100.2225267,23.64835,183,35,49,49,15,50,6
317,014154,Doctor Arroyo,0154,Santa Ana,-100.3862456,24.09380611,379,76,86,95,37,122,6
318,014156,Doctor Arroyo,0156,Santa Fe del Hueso (El Hueso),-100.2529419,23.65802083,28,3,13,5,7,7,6
319,014157,Doctor Arroyo,0157,Santa Gertrudis,-100.171495,23.91284806,166,32,39,39,21,56,6
320,014158,Doctor Arroyo,0158,Santa Inés del Bosque,-100.2604756,23.64893278,11,1,3,3,1,4,6
321,014159,Doctor Arroyo,0159,Santa Isabel,-100.5488331,23.93021278,109,23,21,41,11,24,6
322,014160,Doctor Arroyo,0160,Santa Lucía,-99.91874722,23.77177778,105,22,17,30,10,36,6
323,014161,Doctor Arroyo,0161,Santa Margarita,-100.4195672,24.26347389,119,22,14,43,12,40,6
324,014162,Doctor Arroyo,0162,Santa María,-100.1886111,23.87055556,129,25,32,31,17,41,5
325,014164,Doctor Arroyo,0164,Santa Rita,-100.4857639,24.20880389,404,92,48,147,2,117,6
326,014165,Doctor Arroyo,0165,Santa Rosa,-100.2875711,24.17248528,49,11,9,9,4,20,6
327,014166,Doctor Arroyo,0166,Santa Teresa y San Jerónimo,-100.426695,23.80981222,103,14,24,27,8,38,6
328,014167,Doctor Arroyo,0167,La Soledad de Ríos,-100.1801969,23.59195917,2,,,,,,0
329,014168,Doctor Arroyo,0168,El Tajo,-100.4292119,24.36000667,67,13,19,16,2,19,6
330,014169,Doctor Arroyo,0169,Tanquecillos,-100.0325814,23.88359361,151,28,21,51,5,51,6
331,014170,Doctor Arroyo,0170,La Tapona de Camarillo,-100.4736108,23.49018111,329,75,58,88,48,108,6
332,014171,Doctor Arroyo,0171,La Tapona de Morales,-100.2639719,23.72864222,13,1,2,2,2,8,5
333,014172,Doctor Arroyo,0172,El Tecolote,-100.4403797,24.07041222,263,59,57,64,31,83,6
334,014174,Doctor Arroyo,0174,El Tepetate,-100.4522592,23.91454056,41,8,7,12,4,14,5
335,014175,Doctor Arroyo,0175,Los Terreros,-100.2319481,23.55817333,24,6,4,4,3,10,6
336,014177,Doctor Arroyo,0177,La Trinidad de Zúñiga,-100.4320944,23.78968333,22,3,6,8,2,5,6
337,014178,Doctor Arroyo,0178,La Unión y el Cardonal,-100.0924406,23.84692056,407,93,90,107,83,117,6
338,014179,Doctor Arroyo,0179,La Vallejeña,-100.4653706,23.69483056,9,,,,,,0
339,014180,Doctor Arroyo,0180,Villa Seca,-100.1449806,23.6994675,19,,,,,,0
340,014181,Doctor Arroyo,0181,Las Vírgenes,-100.0631194,23.749265,128,28,14,49,4,37,6
341,014182,Doctor Arroyo,0182,La Yerba,-100.4800228,23.9270825,853,196,111,274,57,272,6
342,014183,Doctor Arroyo,0183,La Zorra,-100.0663153,23.9215375,31,4,11,4,3,12,6
343,014186,Doctor Arroyo,0186,Emiliano Zapata,-100.4570597,24.19837972,42,10,7,9,2,16,6
344,014191,Doctor Arroyo,0191,Hoya la Venada,-100.4962317,24.01837333,5,,,,,,0
345,014194,Doctor Arroyo,0194,Vallecillos,-100.1417978,24.04036917,58,13,10,17,7,18,6
346,014196,Doctor Arroyo,0196,San Diego (San Diego de Vacas),-100.4279572,23.97441111,97,26,11,28,8,32,6
347,014197,Doctor Arroyo,0197,San Isidro,-100.4738117,23.84900556,6,1,3,1,0,1,4
348,014198,Doctor Arroyo,0198,San Esteban,-100.4896556,23.87544472,13,2,5,1,4,5,6
349,014200,Doctor Arroyo,0200,San Felipe de Martínez,-100.2319778,23.85197444,29,7,5,6,6,11,5
350,014203,Doctor Arroyo,0203,El Salto,-100.3378319,23.81653528,57,9,13,13,6,22,6
351,014205,Doctor Arroyo,0205,El Desierto,-100.0672419,23.84442917,5,,,,,,0
352,014207,Doctor Arroyo,0207,La Esperanza,-100.3722411,23.73626917,28,6,3,8,1,11,6
353,014208,Doctor Arroyo,0208,El Toro,-100.3792478,23.72237056,15,3,2,4,0,6,4
354,014210,Doctor Arroyo,0210,El Cuerero,-100.2826603,23.7053,5,,,,,,0
355,014211,Doctor Arroyo,0211,San Andrés,-100.2950819,23.75759917,19,2,9,6,5,2,4
356,014212,Doctor Arroyo,0212,La Taponcita,-100.2527636,23.72513222,5,0,4,0,2,1,2
357,014214,Doctor Arroyo,0214,San Juan de la Reforma,-100.2170592,23.72895639,10,,,,,,0
358,014215,Doctor Arroyo,0215,San Francisco,-100.2069869,23.7463375,5,,,,,,0
359,014217,Doctor Arroyo,0217,Los Segovia,-100.2467458,23.66646611,34,7,2,13,2,12,5
360,014218,Doctor Arroyo,0218,La Escondida del Palmito,-100.2049164,23.71545722,2,,,,,,0
361,014219,Doctor Arroyo,0219,La Parrita,-100.2048844,23.70117528,3,,,,,,0
362,014221,Doctor Arroyo,0221,San Antonio de Buenavista (Los Cochinitos),-100.1604414,23.68361056,90,25,4,34,12,27,6
363,014224,Doctor Arroyo,0224,Tanque Colorado (Buenos Aires),-100.1388919,23.70890722,7,,,,,,0
364,014225,Doctor Arroyo,0225,Los Limones,-100.1677183,23.67768472,7,,,,,,0
365,014226,Doctor Arroyo,0226,Los Terrenos,-100.1123517,23.76196861,113,27,25,31,4,30,6
366,014228,Doctor Arroyo,0228,La Punta de la Loma,-100.3853647,23.65073639,26,6,3,12,2,5,5
367,014229,Doctor Arroyo,0229,El Puertecito,-100.4611328,23.65173056,3,,,,,,0
368,014236,Doctor Arroyo,0236,San Rafael del Castillo,-100.2347108,23.56083028,50,16,6,10,7,18,6
369,014238,Doctor Arroyo,0238,La Mesa de Berrones,-100.0944203,23.64238778,118,25,17,42,14,34,6
370,014241,Doctor Arroyo,0241,El Tropezón,-100.4512544,23.61398806,23,6,4,8,1,5,6
371,014242,Doctor Arroyo,0242,San Juan,-100.4470272,23.5844825,43,8,4,14,7,17,6
372,014243,Doctor Arroyo,0243,El Chapulín,-100.4130792,23.51437667,21,4,6,6,0,5,5
373,014244,Doctor Arroyo,0244,El Fraile (El Coyote),-100.3909272,23.54538722,27,6,2,11,0,8,4
374,014246,Doctor Arroyo,0246,El Azul (Los Juanes),-100.4398242,23.42277,2,,,,,,0
375,014252,Doctor Arroyo,0252,La Luz de Sauceda,-100.4206711,23.85387611,6,,,,,,0
376,014258,Doctor Arroyo,0258,San Raúl de los Rojas,-100.3684703,24.24006917,1,,,,,,0
377,014260,Doctor Arroyo,0260,El Tasajillal (San Antonio de los Martínez),-100.2011364,23.64619389,14,3,1,6,3,4,6
378,014261,Doctor Arroyo,0261,Valle Hermoso,-100.3800942,24.13845222,16,3,2,7,1,4,5
379,014264,Doctor Arroyo,0264,Guadalupito,-100.3412553,23.64647667,4,,,,,4,0
380,014268,Doctor Arroyo,0268,Taponcita de Camarillo,-100.4703722,24.17354111,34,7,3,15,2,9,6
381,014269,Doctor Arroyo,0269,Parada la Escondida,-100.4811575,23.88621056,35,11,0,8,4,16,4
382,014270,Doctor Arroyo,0270,Parada del Mirador,-100.4241969,23.98513194,20,3,6,7,1,4,5
383,014273,Doctor Arroyo,0273,San Isidrillo,-100.2339775,23.59526222,42,12,2,13,3,15,6
384,014277,Doctor Arroyo,0277,El Rescoldal,-100.2379306,23.69851917,3,,,,,,0
385,014281,Doctor Arroyo,0281,San Julián,-100.1970642,23.68138556,2,,,,,,0
386,014282,Doctor Arroyo,0282,Cumbres,-100.3873344,24.07641889,11,,,,,,0
387,014283,Doctor Arroyo,0283,La Piedra,-100.5200811,24.37107278,3,,,,,,0
388,014284,Doctor Arroyo,0284,La Guerrilla,-100.5890381,24.29041222,3,,,,,,0
389,014285,Doctor Arroyo,0285,El Canelo (Los Jacales),-100.3894583,24.33512167,19,3,3,7,1,6,5
390,014287,Doctor Arroyo,0287,Los Laureles,-100.2275533,23.74524806,6,,,,,,0
391,014291,Doctor Arroyo,0291,Lobera de Santoy,-100.2211031,23.74465333,4,,,,,,0
392,014293,Doctor Arroyo,0293,Majada de los Hinojosa,-100.3189358,23.69743056,2,,,,,,0
393,014296,Doctor Arroyo,0296,Parada Cruz de Elorza (Kilómetro Treinta Cruz de Elorza),-100.5006356,23.85263333,23,6,3,6,1,8,6
394,014297,Doctor Arroyo,0297,Parada la Baticolla (La Escondida),-100.4766761,23.89304722,11,2,3,2,0,4,3
395,014304,Doctor Arroyo,0304,Santa Ana,-100.3883286,24.07324722,9,,,,,,0
396,014306,Doctor Arroyo,0306,San José del Calvario (San José de la Colmena),-100.3360508,23.42824194,5,,,,,,0
397,014310,Doctor Arroyo,0310,La Tiradera (San Francisco de la Mesa),-100.0896564,23.67382306,6,,,,,,0
398,014313,Doctor Arroyo,0313,Los Delgado (El Jabalí de Arriba),-100.2424981,23.65208583,2,,,,,,0
399,014316,Doctor Arroyo,0316,Majada el Mirador,-100.4198475,23.99578222,43,12,3,13,1,15,6
400,014318,Doctor Arroyo,0318,El Pacífico,-100.2482606,23.68320639,11,2,1,5,3,3,6
401,014321,Doctor Arroyo,0321,El Canelo (Rancho Luna),-100.3871039,24.32975833,2,,,,,,0
402,014326,Doctor Arroyo,0326,El Dieciséis,-100.3781556,23.55736611,11,,,,,,0
403,014331,Doctor Arroyo,0331,El Coyote,-100.3691719,23.61524417,1,,,,,,0
404,014335,Doctor Arroyo,0335,La Esquina,-100.2082833,23.74878556,11,3,0,2,0,6,2
405,014339,Doctor Arroyo,0339,Los Tres Partidos,-100.2153108,23.75165806,10,,,,,,0
406,014343,Doctor Arroyo,0343,La Rosita,-100.1943506,23.68436139,1,,,,,,0
407,014347,Doctor Arroyo,0347,La Minita,-100.2536467,23.69921667,9,,,,,,0
408,014350,Doctor Arroyo,0350,La Esmeralda,-100.22333,23.58352194,9,,,,,,0
409,014352,Doctor Arroyo,0352,La Maroma,-100.2073017,23.61907139,1,,,,,,0
410,014355,Doctor Arroyo,0355,El Porvenir,-100.1882586,23.65304389,2,,,,,,0
411,014360,Doctor Arroyo,0360,Los Lara (Rancho Nuevo),-100.0895719,23.64660833,10,1,2,2,2,5,5
412,014361,Doctor Arroyo,0361,Los Moreno,-100.1546183,23.68181944,2,,,,,,0
413,014368,Doctor Arroyo,0368,La Curva,-100.0742553,23.8466975,11,2,2,2,1,5,4
414,014369,Doctor Arroyo,0369,La Escondida,-100.4745078,23.89943306,10,1,3,1,1,5,6
415,014375,Doctor Arroyo,0375,La Laguna,-100.3782014,24.21258694,38,12,9,9,4,8,6
416,014376,Doctor Arroyo,0376,Parada Santa Rita,-100.3783981,24.19032472,12,3,1,5,2,3,5
417,014382,Doctor Arroyo,0382,El Jilguero,-100.4753333,23.90139639,20,5,1,6,1,8,6
418,014392,Doctor Arroyo,0392,Hermanos Zapata,-100.1293419,23.71788389,6,,,,,,0
419,014395,Doctor Arroyo,0395,San José,-100.0668183,23.76034361,2,,,,,,0
420,014402,Doctor Arroyo,0402,Pulgas,-100.4133583,23.92538111,5,,,,,,0
421,014404,Doctor Arroyo,0404,Parada del Tepetate,-100.4685722,23.916895,26,10,0,10,1,6,4
422,014411,Doctor Arroyo,0411,Las Víboras,-100.1727047,23.60200611,2,,,,,,0
423,014417,Doctor Arroyo,0417,Majada de Rodríguez,-100.5935247,24.37890611,8,3,1,1,1,3,6
424,014418,Doctor Arroyo,0418,Tanque San Pedro,-100.5145689,23.95758889,3,,,,,,0
425,014419,Doctor Arroyo,0419,Eleazar Martínez,-100.3311256,23.81903556,6,,,,,,0
426,014420,Doctor Arroyo,0420,Hilario González,-100.3535319,23.79256278,7,,,,,,0
427,014421,Doctor Arroyo,0421,El Corazón,-100.2069742,23.67769111,1001,272,36,404,34,289,6
428,014422,Doctor Arroyo,0422,Kilómetro 2.5,-100.2029919,23.68305028,2,,,,,,0
429,014423,Doctor Arroyo,0423,Las Tres R,-100.2212242,23.69107667,1,,,,,,0
430,014424,Doctor Arroyo,0424,San Carlos [Quinta],-100.2209742,23.68780222,2,,,,,,0
431,014425,Doctor Arroyo,0425,Hermanos Loera,-100.4027847,23.57147528,1,,,,,,0
432,0171,Galeana,0001,Galeana,-100.0774278,24.82626667,7844,1987,1041,2153,365,2663,6
433,0172,Galeana,0002,Los Adobes,-100.5245814,24.95400361,566,148,61,188,33,169,6
434,0173,Galeana,0003,Agua Blanca,-99.90640611,24.48171,35,7,17,3,7,8,5
435,0174,Galeana,0004,Agua Nueva,-99.99473667,24.68524306,2,,,,,,0
436,0175,Galeana,0005,El Anhelo,-100.4173422,25.11047611,115,29,13,34,17,39,6
437,0176,Galeana,0006,Arroyo Colorado,-100.1315994,24.70758722,5,,,,,,0
438,0178,Galeana,0008,Barrio de Jalisco (Jalisco),-100.1056839,24.82109389,96,19,30,16,7,31,6
439,0179,Galeana,0009,El Barrocito,-100.6378014,24.59508667,77,14,23,17,7,23,6
440,01710,Galeana,0010,Lázaro Cárdenas (La Biznaga),-100.3852319,25.10423778,58,9,11,21,6,17,6
441,01711,Galeana,0011,La Boca del Refugio,-100.5010894,25.06019583,436,98,63,127,63,148,6
442,01714,Galeana,0014,Brownsville,-100.0497717,24.79817944,45,8,19,8,4,10,6
443,01715,Galeana,0015,Buena Vista,-100.1534992,24.87313917,24,2,8,2,0,12,3
444,01717,Galeana,0017,Calabacillas,-100.3035478,24.97399222,11,3,2,2,1,4,5
445,01718,Galeana,0018,El Canelito,-100.7214006,24.63736806,129,21,38,30,19,40,6
446,01720,Galeana,0020,La Carbonera,-100.7880358,24.81494611,74,14,17,16,4,27,6
447,01721,Galeana,0021,El Carmen,-100.4922439,24.6160725,78,15,26,18,10,19,6
448,01722,Galeana,0022,Casa Blanca (Lote Diez),-100.7941047,25.11397222,5,,,,,,0
449,01723,Galeana,0023,La Casita,-100.7407083,25.01690389,329,71,31,102,27,125,6
450,01724,Galeana,0024,El Castillo,-100.6022514,25.19910944,312,55,75,85,18,97,6
451,01725,Galeana,0025,Ciénega del Toro,-100.3350194,25.08359889,361,75,79,84,22,123,6
452,01726,Galeana,0026,La Concha,-100.6280181,25.0175825,304,76,32,102,16,94,6
453,01727,Galeana,0027,Cieneguillas y Crucitas,-100.0064494,24.49953306,65,9,24,10,7,22,6
454,01728,Galeana,0028,El Cristal,-100.4060492,24.8402875,170,32,23,60,3,55,6
455,01729,Galeana,0029,La Cuesta,-100.1857278,24.83555778,68,11,16,16,2,25,5
456,01730,Galeana,0030,El Cuije,-100.6600125,25.10707889,280,64,44,97,11,75,6
457,01732,Galeana,0032,Las Delicias,-100.6453336,24.8991325,549,122,54,181,60,192,6
458,01733,Galeana,0033,El Derramadero,-100.1562264,24.8526325,332,72,69,84,17,107,6
459,01734,Galeana,0034,Dieciocho de Marzo,-100.1797219,24.88936667,270,56,72,61,7,81,6
460,01735,Galeana,0035,Las Lagunitas,-100.0957639,24.60824694,13,3,3,0,1,7,4
461,01736,Galeana,0036,El Erial,-100.6884317,25.00464917,234,48,34,69,19,83,6
462,01737,Galeana,0037,La Esperanza (Lote Cinco),-100.6702878,25.05228028,3,,,,,,0
463,01738,Galeana,0038,Estados Unidos,-100.4748008,25.12518722,196,44,33,50,12,69,6
464,01739,Galeana,0039,El Tanque Colorado,-100.8024747,25.04815278,1,,,,,,0
465,01740,Galeana,0040,Francisco Villa,-100.4106814,24.92904722,160,43,14,50,7,53,6
466,01742,Galeana,0042,Guadalupe de las Mitras,-100.5999825,24.49949639,23,2,13,3,3,5,5
467,01743,Galeana,0043,Aquiles Serdán (La Hediondilla),-100.71577,24.96035111,438,94,68,122,35,154,6
468,01744,Galeana,0044,Miguel Hidalgo,-100.5158531,25.00221,195,52,5,79,8,59,6
469,01747,Galeana,0047,San José del Vergel [Sociedad de Producción Rural],-100.6665908,25.23499194,6,,,,,,0
470,01748,Galeana,0048,Laguna de Labradores,-100.1163356,24.81624778,519,119,141,99,38,160,6
471,01749,Galeana,0049,Laredo Seco,-100.5405853,25.22596389,5,,,,,,0
472,01750,Galeana,0050,La Leona,-100.2909197,24.60544861,163,33,31,46,2,53,6
473,01752,Galeana,0052,Magueyes,-100.0666947,24.71226583,113,21,16,38,3,38,6
474,01753,Galeana,0053,La Nueva Betania,-100.2556144,24.91811944,33,4,10,7,3,12,5
475,01754,Galeana,0054,Margaritas,-100.2096256,24.38086417,319,68,48,85,25,118,6
476,01755,Galeana,0055,Matamoros,-100.5703142,25.24282861,4,,,,,,0
477,01756,Galeana,0056,El Prado (El Mezquite),-100.7334419,25.142905,464,115,67,134,21,148,6
478,01757,Galeana,0057,El Milagro,-100.5695125,24.9659225,281,59,38,88,29,96,6
479,01758,Galeana,0058,Los Mimbres,-100.2593047,24.97401389,224,56,30,59,4,79,6
480,01760,Galeana,0060,Molino de Higueras,-100.0285014,24.80508472,4,0,3,0,0,1,2
481,01761,Galeana,0061,Navidad,-100.6035564,25.07111667,871,213,97,298,73,263,6
482,01766,Galeana,0066,Navidad,-100.6229197,25.04754167,2,,,,,,0
483,01772,Galeana,0072,El Nogal,-100.7807608,25.09326444,9,,,,,,0
484,01773,Galeana,0073,Los Nogales,-100.0800639,24.89559806,114,21,19,34,9,40,6
485,01775,Galeana,0075,La Nueva Esmeralda (Nuevo Poblado de la Esmeralda),-100.4750106,25.18321083,88,21,15,24,1,28,6
486,01776,Galeana,0076,La Lagunita (El Orito),-100.2393667,24.93472194,132,19,44,28,10,41,6
487,01777,Galeana,0077,Pablillo,-99.99645278,24.59320917,816,172,195,179,56,270,6
488,01779,Galeana,0079,El Palmito,-99.95643556,24.66372611,77,13,14,21,3,29,6
489,01780,Galeana,0080,La Paz,-100.4607931,24.95497083,550,134,49,193,22,174,6
490,01781,Galeana,0081,El Peñuelo,-100.7730589,24.56586917,133,27,37,30,14,39,6
491,01785,Galeana,0085,Pinal Alto,-100.5456236,25.15471139,201,47,19,68,6,67,6
492,01787,Galeana,0087,Las Placetas,-100.2143267,24.9195575,6,1,3,0,0,2,4
493,01788,Galeana,0088,Los Pocitos,-100.3143019,24.76642056,141,27,26,32,6,56,5
494,01789,Galeana,0089,El Porvenir de Santa Clara (El Coyote),-100.3848028,25.13065278,50,13,5,13,1,19,6
495,01790,Galeana,0090,Catarino Rodríguez (El Potosí),-100.3207519,24.845545,1834,393,374,472,115,595,6
496,01791,Galeana,0091,El Potrero de Prieto,-99.98884,24.85378972,79,13,34,11,10,21,5
497,01792,Galeana,0092,El Potrero Prieto de Arriba,-99.98985056,24.84593083,117,17,54,15,6,31,6
498,01793,Galeana,0093,La Poza,-100.0183303,24.71386694,186,44,36,50,15,56,6
499,017102,Galeana,0102,Presa de Gámez,-100.3247308,24.407205,26,4,9,4,3,9,6
500,017103,Galeana,0103,La Presita de Berlanga,-100.1526756,24.43626861,157,29,32,45,25,51,6
501,017104,Galeana,0104,La Primavera (El Charco),-100.1562456,24.67567,145,34,19,39,7,53,6
502,017105,Galeana,0105,La Providencia,-100.6337961,25.0901675,174,35,35,40,10,64,6
503,017106,Galeana,0106,Puente las Joyas,-100.0127636,24.66466556,11,1,7,0,2,3,4
504,017107,Galeana,0107,El Encinal (Puerto el Encinal de la Poza),-99.98047611,24.6944,93,22,15,21,6,35,6
505,017108,Galeana,0108,Puerto de Pastores,-100.0339703,24.77828944,142,32,19,36,9,55,6
506,017109,Galeana,0109,Puerto Grande,-100.6398167,25.14615806,261,62,17,104,5,78,6
507,017110,Galeana,0110,Puerto México,-100.7130578,25.17966861,880,230,94,262,29,294,6
508,017111,Galeana,0111,Rancho Nuevo,-100.7540964,25.07983194,4,,,,,,0
509,017112,Galeana,0112,La Reforma,-100.7474178,25.07707139,4,,,,,,0
510,017114,Galeana,0114,Refugio de los Ibarra,-100.3569244,24.44159333,216,47,37,57,18,75,6
511,017115,Galeana,0115,El Refugio (Refugio de los Ranchos),-100.5816581,25.05596833,238,56,34,72,13,76,6
512,017116,Galeana,0116,Rincón de San Lucas,-100.1959658,24.9458,11,0,5,0,1,6,3
513,017118,Galeana,0118,El Rucio,-100.4409656,24.69688389,45,11,8,13,4,13,6
514,017119,Galeana,0119,Samaniego y la Becerra (Mariano Escobedo),-100.5443069,25.07971417,121,29,15,43,13,34,6
515,017121,Galeana,0121,San Antonio de González,-100.5741172,24.52587583,54,7,20,14,17,13,6
516,017122,Galeana,0122,San Antonio del Salero,-100.2494014,24.46244556,126,20,29,41,20,36,6
517,017123,Galeana,0123,San Felipe de Pablillo,-99.99343694,24.53010111,9,0,7,0,0,2,1
518,017124,Galeana,0124,Rancho Ramírez,-100.01183,24.53877639,1,,,,,,0
519,017125,Galeana,0125,San Fernando,-100.5694303,25.05505361,97,25,14,21,10,37,6
520,017126,Galeana,0126,San Francisco de Berlanga,-100.1179508,24.36241139,241,48,52,59,36,82,6
521,017127,Galeana,0127,San Francisco de los Blancos,-100.1740161,24.88546333,341,75,62,83,16,121,6
522,017128,Galeana,0128,San Francisco Javier,-100.3350636,24.98412028,100,13,29,26,8,32,6
523,017129,Galeana,0129,San Ildefonso,-100.3033881,25.0298325,542,122,75,162,26,183,6
524,017130,Galeana,0130,San Isidro de Berlanga,-100.6017811,24.54462889,54,7,24,7,10,16,6
525,017131,Galeana,0131,San Isidro de Ciénega del Toro,-100.5085686,25.201795,49,12,13,12,4,12,6
526,017132,Galeana,0132,San Joaquín,-100.5024842,24.99145167,406,109,34,128,25,135,6
527,017133,Galeana,0133,San Jorge,-100.4467147,24.57816722,109,22,22,35,20,30,6
528,017134,Galeana,0134,San José de Contreras,-100.5679303,25.05236,102,24,13,36,9,29,6
529,017135,Galeana,0135,San José de González,-100.4913528,24.48502333,156,30,35,42,34,49,6
530,017136,Galeana,0136,San José de la Joya,-100.2675119,24.90104278,204,38,48,54,13,64,6
531,017137,Galeana,0137,San José de la Martha,-100.4030903,25.17322278,195,42,45,49,12,59,6
532,017140,Galeana,0140,Río de San José,-99.88901056,24.59612722,85,13,25,17,9,30,6
533,017142,Galeana,0142,San José de Raíces,-100.2390186,24.56979028,2457,596,285,729,167,847,6
534,017143,Galeana,0143,San Juan de Dios,-100.6666072,24.58074083,92,20,19,20,13,33,6
535,017144,Galeana,0144,San Juan del Prado,-100.7185372,25.06534889,215,45,32,65,17,73,6
536,017145,Galeana,0145,San Juan de Mimbres,-100.2330019,25.02509083,52,6,12,13,4,21,6
537,017146,Galeana,0146,San Lucas (La Mesa),-100.1506161,24.9425025,133,27,26,42,12,38,6
538,017147,Galeana,0147,San Marcos,-100.0803081,24.70065028,209,49,23,64,5,73,6
539,017148,Galeana,0148,Congregación de San Pablo,-100.4126744,25.06534583,57,10,13,11,1,23,6
540,017149,Galeana,0149,San Pablo de las Mitras,-100.5905822,24.468675,27,2,13,3,11,9,6
541,017150,Galeana,0150,San Pablo de Raíces,-100.1318139,24.55285889,85,12,24,18,17,31,6
542,017151,Galeana,0151,San Pablo (Tranquitas),-100.1041442,24.68821917,29,9,6,8,1,6,6
543,017152,Galeana,0152,San Pedro Sotolar,-100.4444967,25.10587861,129,27,14,35,9,53,6
544,017153,Galeana,0153,San Rafael,-100.55267,25.03045028,2543,663,257,772,142,851,6
545,017154,Galeana,0154,San Ramón,-100.7564147,24.86968278,38,5,9,8,2,16,6
546,017155,Galeana,0155,San Roberto,-100.3036597,24.71157417,387,100,44,125,12,118,6
547,017156,Galeana,0156,Santa Anita del Peñasco,-100.5255631,25.2192775,45,9,10,11,2,15,6
548,017157,Galeana,0157,Santa Clara de Ciénega del Toro,-100.4652114,25.20158861,340,74,57,109,9,100,6
549,017158,Galeana,0158,Santa Clara de González,-100.0362303,24.65540472,386,80,77,85,42,144,6
550,017159,Galeana,0159,Santa Cruz,-100.1074353,24.89219722,180,40,28,49,20,63,5
551,017160,Galeana,0160,Santa Cruz Ciénega del Toro,-100.3092925,25.04039528,245,43,48,73,9,81,6
552,017161,Galeana,0161,Santa Cruz de Sauces,-100.1263581,24.91094306,112,29,17,29,12,37,6
553,017163,Galeana,0163,Santa Fe,-100.0327636,24.70284583,148,27,41,30,6,50,6
554,017165,Galeana,0165,Santa María del Socorro,-100.38793,25.02676861,69,14,32,4,5,19,6
555,017166,Galeana,0166,Santa María de Ramos,-100.6189625,24.98765806,826,207,77,265,23,277,6
556,017167,Galeana,0167,Santa Rita (Santa Rita de Cordeladas),-100.0771019,24.80597389,204,44,26,64,3,70,6
557,017169,Galeana,0169,Santo Domingo,-100.2303625,24.72941028,225,48,38,65,11,74,6
558,017170,Galeana,0170,San Urbet,-100.172995,24.59367694,139,36,10,45,3,48,6
559,017173,Galeana,0173,Seis de Enero,-100.4363889,24.87923028,79,20,12,26,5,21,6
560,017175,Galeana,0175,Tampico,-100.5948694,25.25243361,5,0,4,0,0,1,2
561,017176,Galeana,0176,Tanquecillos,-100.4021194,25.05250806,218,40,45,66,11,67,6
562,017177,Galeana,0177,Tapias (El Chaparral),-100.0252942,24.74316583,66,16,14,17,5,19,5
563,017178,Galeana,0178,La Tapona,-100.1150739,24.71724861,5,,,,,,0
564,017181,Galeana,0181,San Ignacio de Texas,-100.1892258,24.31245,372,84,66,98,53,124,6
565,017182,Galeana,0182,El Tokio,-100.2379197,24.68117917,243,65,40,52,12,86,6
566,017183,Galeana,0183,El Tepozán,-100.1437453,24.59683194,150,35,28,50,15,37,6
567,017186,Galeana,0186,Venustiano Carranza Fraccionamiento A (Fuentes Valle Número Uno),-100.6353069,25.00331833,16,5,1,4,0,6,3
568,017187,Galeana,0187,La Victoria,-100.7856483,25.11568222,3,,,,,,0
569,017188,Galeana,0188,El Zacatal,-100.6858372,25.03291917,1,,,,,,0
570,017203,Galeana,0203,El Veintisiete,-100.6958433,25.04811333,4,,,,,,0
571,017208,Galeana,0208,El Saucito,-100.6388117,25.21301694,8,,,,,,0
572,017212,Galeana,0212,Puerto de Acapulco (Tanque Roto),-100.4539564,25.17478306,20,4,7,7,1,2,6
573,017216,Galeana,0216,La Rosa,-100.5991397,25.06450639,53,11,4,12,6,26,6
574,017217,Galeana,0217,San Antonio de Magueycillos,-100.5662342,25.05022306,17,5,2,5,0,5,4
575,017218,Galeana,0218,La Reforma,-100.5000469,25.13625556,2,,,,,,0
576,017236,Galeana,0236,Lote Uno Fracción Navidad (Benito Juárez),-100.6391103,25.01022194,147,30,18,47,4,52,6
577,017242,Galeana,0242,El Colorado,-100.6457378,25.07846417,6,,,,,,0
578,017245,Galeana,0245,El Ranchito,-100.6357442,25.07169389,5,,,,,,0
579,017250,Galeana,0250,Las Palmas Salinillas,-100.6861911,24.99419611,16,3,0,8,0,5,3
580,017254,Galeana,0254,El Aguililla,-100.5613297,24.97020167,2,,,,,,0
581,017255,Galeana,0255,La Deshidratadora,-100.554325,24.97878667,4,,,,,,0
582,017258,Galeana,0258,Las Golondrinas,-100.59101,25.00369306,2,,,,,,0
583,017262,Galeana,0262,El Escape,-100.4263192,24.93095556,3,,,,,,0
584,017263,Galeana,0263,El Cargadero,-100.3532,25.00013583,9,1,5,1,1,2,5
585,017264,Galeana,0264,Alfredo V. Bonfil (La Lagunita),-100.2598286,24.93081611,70,16,13,18,6,23,6
586,017266,Galeana,0266,Lajas Negras,-100.1300892,24.92042944,36,9,8,9,5,10,6
587,017267,Galeana,0267,Los Llanitos,-100.1678206,24.94483694,60,16,12,15,5,17,5
588,017268,Galeana,0268,El Salitre,-100.1857497,24.94318611,4,,,,,,0
589,017269,Galeana,0269,La Fábrica (Ojo de Agua),-100.1877408,24.89617167,16,4,4,4,2,4,4
590,017277,Galeana,0277,El Rosario,-100.4820219,24.89356611,1,,,,,,0
591,017282,Galeana,0282,San Gerardo,-100.3966528,24.88328306,5,,,,,,0
592,017289,Galeana,0289,La Habana,-100.1530683,24.84957611,23,5,6,1,2,11,5
593,017290,Galeana,0290,Manila,-100.1676753,24.8749525,24,4,8,5,4,7,5
594,017293,Galeana,0293,La Esperanza,-100.1493922,24.86705861,6,0,2,1,0,3,3
595,017294,Galeana,0294,El Porvenir,-100.1603475,24.86545778,13,7,2,0,0,4,2
596,017299,Galeana,0299,Martínez y Martínez,-100.4728678,24.68877917,5,,,,,,0
597,017303,Galeana,0303,Los Puertecitos,-100.1367394,24.685665,2,,,,,,0
598,017304,Galeana,0304,La Mesita,-100.1275122,24.68824306,8,,,,,,0
599,017306,Galeana,0306,La Y de Arriba,-100.0396689,24.72329528,93,24,18,27,3,24,6
600,017309,Galeana,0309,San José de la Montaña (Sierra Madre) [Avícola],-100.0449489,24.75771972,3,,,,,,0
601,017310,Galeana,0310,El Rodeo (El Barrial),-100.0237525,24.77608222,2,,,,,,0
602,017312,Galeana,0312,El Nopal,-100.0248661,24.81454,2,,,,,,0
603,017313,Galeana,0313,El Mimbre,-100.0258261,24.79603556,2,,,,,,0
604,017315,Galeana,0315,La Y de Galeana (Y de Puerto de Pastores),-100.0375617,24.77222972,7,1,2,2,0,2,3
605,017319,Galeana,0319,Campamento los Cabriales (La Providencia),-100.3381267,24.63101417,8,,,,,,0
606,017320,Galeana,0320,El Camuco (La Leona),-100.2717264,24.60286972,56,14,5,15,0,22,5
607,017325,Galeana,0325,El Raiceño,-100.2670233,24.57841639,31,8,6,5,2,12,5
608,017326,Galeana,0326,Pénjamo,-100.2086878,24.6614025,23,2,7,4,0,10,4
609,017328,Galeana,0328,La Nueva Primavera,-100.2039897,24.64170028,145,36,20,26,13,63,6
610,017320,Galeana,0330,Ojo de Agua (El Paso),-100.1485319,24.61177639,42,9,7,7,9,19,6
611,017331,Galeana,0331,La Piedra,-100.1028617,24.67888917,54,9,8,18,5,19,6
612,017332,Galeana,0332,El Salitre,-100.0704169,24.62919028,1,,,,,,0
613,017334,Galeana,0334,El Molino,-99.991325,24.60356083,2,,,,,,0
614,017335,Galeana,0335,Tomates,-99.93568361,24.64972778,1,,,,,,0
615,017336,Galeana,0336,La Peñita,-99.96260444,24.67330139,3,,,,,,0
616,017337,Galeana,0337,Palma los Monos (San Juan de Dios),-100.0080225,24.63711222,19,7,2,5,1,5,6
617,017343,Galeana,0343,La Majada de Don Julio,-100.0263608,24.55842194,2,,,,,,0
618,017345,Galeana,0345,La Loba,-100.05339,24.50664444,6,0,1,0,0,5,2
619,017346,Galeana,0346,El Encinal,-99.97664861,24.59340722,30,7,7,4,1,12,5
620,017347,Galeana,0347,Puerto de Cieneguillas,-99.98032972,24.51902083,3,,,,,,0
621,017350,Galeana,0350,Las Huertas,-99.90807583,24.58167833,6,,,,,,0
622,017352,Galeana,0352,Joyas de Agua Fría,-99.87226417,24.55204111,64,17,6,21,1,20,6
623,017353,Galeana,0353,El Alamar de Abajo,-99.91565556,24.53732639,3,,,,,,0
624,017354,Galeana,0354,El Alamar de Solís,-99.90559778,24.53136278,3,,,,,,0
625,017355,Galeana,0355,La Florida,-99.88550917,24.54714,10,5,1,1,2,3,4
626,017357,Galeana,0357,La Esperanza (El Coyote),-100.560445,24.71521917,132,28,8,47,4,49,6
627,017359,Galeana,0359,El Capricho de Cayma [Sociedad de Producción Rural],-100.5213475,24.95579222,5,,,,,,0
628,017361,Galeana,0361,Pablillo [Aserradero],-99.99985333,24.60504583,6,,,,,,0
629,017363,Galeana,0363,La Trinidad (El Cedrito),-100.4047261,24.90487083,288,70,23,98,13,97,6
630,017365,Galeana,0365,La Huiche [Mineral],-100.0772358,24.671585,1,,,,,,0
631,017370,Galeana,0370,El Diez,-100.6308903,25.032915,1,,,,,,0
632,017374,Galeana,0374,Las Antonias,-100.7653081,25.10193583,8,2,3,0,2,3,5
633,017384,Galeana,0384,Las Blancas,-100.3099306,25.05677333,19,2,4,9,2,4,5
634,017391,Galeana,0391,Artemisas (El Ombligo),-100.6714317,25.00718472,3,,,,,,0
635,017392,Galeana,0392,San Isidro (Terreros),-99.8967,24.59165611,8,1,7,0,2,0,4
636,017396,Galeana,0396,Santa Inés (La Montaña),-100.1931394,24.30329528,25,6,4,3,5,12,6
637,017401,Galeana,0401,Los Sauces,-100.0985572,24.87560222,15,4,3,2,1,6,5
638,017402,Galeana,0402,La Gloria,-100.7520256,24.81250167,2,,,,,,0
639,017405,Galeana,0405,San Isidro,-100.7397336,25.07422333,6,,,,,,0
640,017409,Galeana,0409,Agua Blanca,-100.4477864,24.94682194,6,,,,,,0
641,017411,Galeana,0411,Los Aguacates,-100.1327581,24.91263139,74,13,12,18,7,31,6
642,017413,Galeana,0413,El Arranque (Santa Rosa),-100.4997261,24.95006194,2,,,,,,0
643,017416,Galeana,0416,Bomba Santo Domingo,-100.3013917,24.75148056,3,,,,,,0
644,017418,Galeana,0418,Carrizos,-99.95858167,24.64516333,1,,,,,,0
645,017423,Galeana,0423,Entronque San Roberto,-100.2983231,24.67729056,95,24,7,29,4,35,5
646,017424,Galeana,0424,La Estancia,-100.4925347,24.98031361,1,,,,,,0
647,017425,Galeana,0425,Barrio las Flores,-100.1082717,24.81666472,7,0,4,0,1,3,3
648,017429,Galeana,0429,Lulo,-100.37297,24.86644389,5,,,,,,0
649,017431,Galeana,0431,La Laborcita,-100.285955,24.66971306,5,,,,,,0
650,017434,Galeana,0434,La Loma,-100.3463458,24.83268278,2,,,,,,0
651,017435,Galeana,0435,La Loma,-100.3402578,24.44951528,5,,,,,,0
652,017438,Galeana,0438,El Molino,-100.0250439,24.64405694,92,27,15,21,8,29,6
653,017441,Galeana,0441,Lote Nueve,-100.6565706,25.01361889,2,,,,,,0
654,017443,Galeana,0443,Los Picos (Lote Número Dieciséis),-100.6786089,25.02645417,2,,,,,,0
655,017446,Galeana,0446,El Potosí,-100.3420214,24.82628417,8,4,1,2,0,1,3
656,017448,Galeana,0448,Los Pilares,-99.99755194,24.60168583,8,,,,,,0
657,017449,Galeana,0449,El Puertecito,-99.98305722,24.596265,8,,,,,,0
658,017450,Galeana,0450,El Ranchito,-100.0767942,24.67797139,60,19,7,17,1,17,6
659,017454,Galeana,0454,El Salitre,-100.1207458,24.82090528,20,3,4,3,1,10,5
660,017455,Galeana,0455,San Roberto,-100.3011397,24.68925194,26,7,2,6,0,11,4
661,017457,Galeana,0457,Santa Amalia,-100.3784139,24.67781667,9,,,,,,0
662,017458,Galeana,0458,Agua Nueva (El Pozo),-100.0256083,24.69425806,22,6,3,8,0,5,4
663,017462,Galeana,0462,Tokio,-100.285775,24.63922472,14,4,1,3,0,6,4
664,017465,Galeana,0465,Valle Hermoso,-100.2752333,24.5514075,17,4,1,7,0,5,4
665,017468,Galeana,0468,Venustiano Carranza Grupo B (Los Taracos),-100.5739717,24.98575,202,47,15,69,20,71,6
666,017469,Galeana,0469,Yerbabuena,-100.031935,24.76771472,1,,,,,,0
667,017473,Galeana,0473,Cerritos Nueva España (Jalpa),-100.7756881,24.69822639,3,,,,,,0
668,017474,Galeana,0474,Las Esperanzas,-100.8028586,25.1265525,183,48,19,54,10,62,6
669,017490,Galeana,0490,Rancho Bocanegra,-100.3289533,24.81011,3,,,,,,0
670,017491,Galeana,0491,La Palapa,-100.3123439,24.75394639,29,6,3,12,0,8,3
671,017498,Galeana,0498,Segunda Provisión de Santa Rita (Las Amoladeras),-100.0609583,24.80676806,6,,,,,,0
672,017506,Galeana,0506,Puerto de Encinos,-99.9810075,24.74432417,2,,,,,,0
673,017509,Galeana,0509,Las Cordeladas,-100.0691903,24.81329889,33,9,3,8,1,13,5
674,017514,Galeana,0514,Corona del Rosal,-99.99262722,24.5324825,10,3,3,2,0,2,4
675,017516,Galeana,0516,La Ensenada,-100.5513169,25.16366722,4,,,,,,0
676,017519,Galeana,0519,Bonanza,-100.4207592,24.96704167,8,,,,,,0
677,017520,Galeana,0520,Francisco Villa (San Francisco de Balderas),-100.4110786,24.97831917,21,5,3,8,1,5,5
678,017521,Galeana,0521,El Cedral,-100.1850514,24.89544444,124,26,27,40,2,31,5
679,017526,Galeana,0526,Las Mesitas,-100.1662914,24.52504417,4,,,,,,0
680,017529,Galeana,0529,La Sardina Dos,-100.4535683,24.97252889,5,,,,,,0
681,017534,Galeana,0534,Alto de Guadalupe,-100.1819619,24.88820111,55,16,5,12,0,22,5
682,017535,Galeana,0535,La Nueva Reforma,-100.4942306,25.13349167,1,,,,,,0
683,017538,Galeana,0538,Agua Nueva (Santa Fe),-100.0318858,24.69715278,2,,,,,,0
684,017539,Galeana,0539,Tomates,-99.9305925,24.64370194,2,,,,,,0
685,017547,Galeana,0547,Artesillas,-100.7080453,25.20098389,11,3,3,2,1,3,5
686,017553,Galeana,0553,La Pequeña,-100.6502883,25.07366917,6,,,,,,0
687,017556,Galeana,0556,La Victoria (La Majada),-100.6780281,25.07001861,2,,,,,,0
688,017564,Galeana,0564,La Tres [Granja],-100.638165,24.99464583,5,,,,,,0
689,017565,Galeana,0565,La Cuatro [Granja],-100.6291583,24.99662167,7,,,,,,0
690,017566,Galeana,0566,La Cinco [Granja],-100.6213928,24.99845444,4,,,,,,0
691,017567,Galeana,0567,Reproductora Serma,-100.6151106,25.00289028,3,,,,,,0
692,017568,Galeana,0568,La Seis [Granja],-100.6128936,25.00112,3,,,,,,0
693,017574,Galeana,0574,Las Vegas de San Isidro,-100.4361367,24.92895528,9,3,1,1,1,4,6
694,017575,Galeana,0575,El Escape (Los Cuates Quince),-100.4168986,24.94494056,4,,,,,,0
695,017578,Galeana,0578,Papantla (La Rusa),-100.6132164,25.03963056,5,,,,,,0
696,017580,Galeana,0580,El Porvenir,-100.4876192,24.97461167,4,,,,,,0
697,017582,Galeana,0582,La Trinidad,-100.4062653,24.92186833,3,,,,,,0
698,017583,Galeana,0583,Cerro de Agua,-100.3823717,24.86987111,6,,,,,,0
699,017585,Galeana,0585,Algún Día (Frente al Cristal),-100.3640669,24.85380417,2,,,,,,0
700,017587,Galeana,0587,CONASUPO [Almacen Rural],-100.3429969,24.82538917,3,,,,,,0
701,017589,Galeana,0589,La Curva (María),-100.3242167,24.80412778,3,,,,,,0
702,017590,Galeana,0590,San Francisco Javier (Rancho Martínez),-100.3354258,24.98071167,2,,,,,,0
703,017591,Galeana,0591,Los Conejos,-100.2616506,24.96900028,7,,,,,,0
704,017597,Galeana,0597,Jesús María Aguirre (Puerto de Nopalillos),-100.3716231,24.41421972,61,12,18,18,11,13,6
705,017598,Galeana,0598,San Rafael de la Reforma (San Carlos),-100.3654058,24.41851556,15,5,1,4,1,5,4
706,017599,Galeana,0599,Puerto de Nopalillos,-100.3835783,24.40624917,14,3,4,4,2,3,6
707,017600,Galeana,0600,El Tajo (Base Janet),-100.3936894,24.36396444,5,,,,,,0
708,017602,Galeana,0602,El Mirador,-100.2611028,24.37346667,2,,,,,,0
709,017604,Galeana,0604,La Presa Colorada,-100.1772261,24.51894083,2,,,,,,0
710,017605,Galeana,0605,Rancho Ortiz,-100.1709514,24.53377639,4,,,,,,0
711,017611,Galeana,0611,Guadalupe (Palma de los Monos),-100.0034956,24.65172222,7,,,,,,0
712,017614,Galeana,0614,Los Pinos,-100.0383556,24.73035889,6,,,,,,0
713,017615,Galeana,0615,El Fresno (El Caracol),-100.0374903,24.76817278,12,2,5,2,1,3,4
714,017618,Galeana,0618,Pozo de los Gavilanes,-100.1252756,24.81898972,10,,,,,,0
715,017620,Galeana,0620,Loba Chica,-100.0421672,24.47474722,12,,,,,,0
716,017623,Galeana,0623,Rancho Flores,-100.0112753,24.53477889,3,,,,,,0
717,017624,Galeana,0624,Rancho Bernal,-99.99665028,24.59941806,7,,,,,,0
718,017628,Galeana,0628,Palo Blanco,-100.0621206,24.79394667,2,,,,,,0
719,017631,Galeana,0631,El Pasaje (El Puente),-100.0937794,24.82244361,39,11,4,9,3,15,4
720,017633,Galeana,0633,Tomates,-99.91997417,24.64066861,5,,,,,,0
721,017635,Galeana,0635,Arroyo Colorado,-99.99135667,24.75426139,3,,,,,,0
722,017636,Galeana,0636,Reforma de Agua Blanca (Palo Gacho),-99.89664722,24.4788825,21,5,2,8,2,6,5
723,017637,Galeana,0637,Santa Fe el Pozo (El Pozo),-100.0316886,24.69189444,74,18,10,20,3,26,6
724,017638,Galeana,0638,San Andrés del Salto,-100.3386975,24.31557417,4,,,,,,0
725,017639,Galeana,0639,Salida a San Lucas (Virgilio Alejandro A.),-100.0848486,24.83565306,34,10,3,11,0,10,4
726,017641,Galeana,0641,Galeana,-100.0699219,24.82472583,5,,,,,,0
727,017644,Galeana,0644,Cabañas Linares,-100.3867744,24.39608472,25,7,4,8,2,6,6
728,017645,Galeana,0645,La Carreta,-100.7236069,25.16903111,1,,,,,,0
729,017646,Galeana,0646,El Barretal,-99.99962944,24.87175417,3,,,,,,0
730,017648,Galeana,0648,Las Palmas,-99.99302278,24.86020472,14,1,6,3,1,4,5
731,017651,Galeana,0651,Francisco González,-100.0631869,24.70890889,12,4,3,2,0,3,3
732,017661,Galeana,0661,Joana,-100.3465186,24.44094778,4,,,,,,0
733,017665,Galeana,0665,Los Pinos (Morales),-100.1100528,24.47065556,37,8,2,19,0,8,3
734,017670,Galeana,0670,Tacuba,-100.3547225,24.43274389,1,,,,,,0
735,017676,Galeana,0676,Rancho Emma,-100.6670783,25.05000722,2,,,,,,0
736,017681,Galeana,0681,Los Álamos,-100.0497108,24.71623361,4,,,,,,0
737,017687,Galeana,0687,Constancio Garay (El Poleo),-100.7713047,25.16836694,1,,,,,,0
738,017690,Galeana,0690,El Poleo,-100.7886725,25.15945889,5,,,,,,0
739,017696,Galeana,0696,La Junta,-100.0797314,24.83616444,26,10,0,7,0,9,4
740,017699,Galeana,0699,Calabacillas,-100.2962053,24.97411667,11,0,8,0,5,3,4
741,017701,Galeana,0701,Santa Julia,-100.4918569,25.19405861,1,,,,,,0
742,017703,Galeana,0703,El Chivo,-100.5117711,25.04156611,1,,,,,,0
743,017706,Galeana,0706,Venustiano Carranza (Lote Nueve),-100.4178167,24.87013944,18,4,2,6,0,6,3
744,017711,Galeana,0711,San Adolfo,-100.1871106,24.52700778,5,,,,,,0
745,017717,Galeana,0717,El Tepeyac,-100.588925,24.97748889,4,,,,,,0
746,017719,Galeana,0719,El Dorado,-100.5233028,24.99778333,6,,,,,,0
747,017722,Galeana,0722,El Caracol,-100.0464628,24.78038528,4,,,,,,0
748,017723,Galeana,0723,Santa Ana,-100.4160372,24.90751417,6,,,,,,0
749,0241,General Zaragoza,0001,General Zaragoza,-99.77239167,23.97326111,2986,721,407,892,147,966,6
750,0243,General Zaragoza,0003,Agua del Toro,-99.66890972,24.00137111,2,,,,,,0
751,0245,General Zaragoza,0005,El Ahuiche,-99.88033278,23.92185472,12,1,2,5,2,4,4
752,0247,General Zaragoza,0007,Las Avispas,-99.76243722,23.89432972,1,,,,,,0
753,0249,General Zaragoza,0009,Casas Reales,-99.57304944,23.83968028,21,3,6,6,2,6,5
754,02411,General Zaragoza,0011,El Viejo,-99.73574528,23.99762667,2,,,,,,0
755,02412,General Zaragoza,0012,La Cieneguita,-99.92482917,23.91193306,126,22,16,39,8,49,6
756,02419,General Zaragoza,0019,Dulces Nombres (Santa Teresa),-99.57647778,24.00269472,5,,,,,,0
757,02420,General Zaragoza,0020,La Encantada,-99.79573,23.90520083,189,50,15,51,10,73,6
758,02422,General Zaragoza,0022,El Encinal,-99.73768639,24.02042306,15,,,,,,0
759,02426,General Zaragoza,0026,Joya de San Diego,-99.89761778,23.88172389,168,33,29,50,6,56,5
760,02427,General Zaragoza,0027,La Laguna,-99.78784306,23.99289722,72,17,4,27,5,24,5
761,02429,General Zaragoza,0029,La Lobera,-99.76976472,23.98698667,12,2,1,2,1,7,6
762,02431,General Zaragoza,0031,El Melón de Arriba,-99.61979222,23.93031833,10,1,1,2,0,6,5
763,02433,General Zaragoza,0033,El Muerto,-99.68641417,23.91949,58,12,8,19,1,19,6
764,02436,General Zaragoza,0036,El Pinal,-99.7445875,23.98967639,2,,,,,,0
765,02438,General Zaragoza,0038,El Refugio,-99.70366694,23.87228472,183,36,31,60,10,56,6
766,02440,General Zaragoza,0040,El Rincón,-99.58231611,23.82237,14,2,5,3,1,4,5
767,02441,General Zaragoza,0041,El Salitre,-99.83021472,23.96053722,160,34,17,58,10,51,6
768,02443,General Zaragoza,0043,San Francisco,-99.9360675,23.94586917,162,33,40,38,5,51,6
769,02444,General Zaragoza,0044,San Josecito,-99.90559833,23.97039361,108,16,31,30,15,31,6
770,02445,General Zaragoza,0045,Joya de San Lázaro,-99.92370417,23.81271722,4,,,,,,0
771,02447,General Zaragoza,0047,Siberia,-99.84118611,23.86013,164,40,35,40,10,49,5
772,02448,General Zaragoza,0048,El Tajo,-99.74742694,23.97043306,9,1,4,2,1,2,4
773,02449,General Zaragoza,0049,Tepozanes,-99.71686944,23.91775611,126,24,18,38,8,46,6
774,02451,General Zaragoza,0051,Los Membrillos,-99.61266333,24.03251139,4,,,,,,0
775,02452,General Zaragoza,0052,El Potrero,-99.59571444,24.02234278,11,2,1,1,1,7,5
776,02457,General Zaragoza,0057,Los Toros,-99.54619861,24.00157861,19,4,5,5,2,5,6
777,02459,General Zaragoza,0059,La Joya de Eulalio,-99.72971139,24.01514944,5,,,,,,0
778,02462,General Zaragoza,0062,La Escondida,-99.69406917,23.98443611,4,,,,,,0
779,02466,General Zaragoza,0066,La Laguna (La Laguna Seca),-99.75773056,23.96540278,2,,,,,,0
780,02468,General Zaragoza,0068,Márgaras,-99.64553222,23.94414944,4,,,,,,0
781,02470,General Zaragoza,0070,Toribio,-99.63959444,23.97498639,13,3,0,6,0,4,3
782,02471,General Zaragoza,0071,San Vicente,-99.59597389,23.96968278,13,,,,,,0
783,02472,General Zaragoza,0072,El Pretil,-99.59666917,23.97422417,10,,,,,,0
784,02473,General Zaragoza,0073,Tinajitas,-99.60799778,23.96705167,18,6,1,7,1,4,4
785,02474,General Zaragoza,0074,La Joya del Leñadero,-99.60529,23.95135417,6,,,,,,0
786,02479,General Zaragoza,0079,Potreritos,-99.52856639,23.96332889,33,8,2,10,5,13,6
787,02480,General Zaragoza,0080,Tinajas (Los Tanques),-99.51900889,23.92935694,48,11,6,16,5,15,5
788,02482,General Zaragoza,0082,El Pame,-99.92943778,23.89824167,9,1,3,3,1,2,5
789,02484,General Zaragoza,0084,Mal Paso,-99.91373639,23.93737111,17,5,4,3,3,5,4
790,02485,General Zaragoza,0085,Las Hiedras,-99.862335,23.94586944,20,5,1,8,1,6,5
791,02486,General Zaragoza,0086,San Antonio,-99.87606111,23.94459861,11,0,7,0,0,4,3
792,02487,General Zaragoza,0087,Los Difuntos,-99.82043028,23.96154389,62,15,16,10,11,21,6
793,02490,General Zaragoza,0090,Guadalupe,-99.85587694,23.9112875,2,,,,,,0
794,02492,General Zaragoza,0092,La Bajada del Carretón,-99.81682333,23.9696225,72,18,12,25,7,17,6
795,02494,General Zaragoza,0094,Yerbabuena,-99.79914028,23.95800278,3,,,,,,0
796,02496,General Zaragoza,0096,La Sabanilla,-99.799745,23.974425,21,4,5,7,1,5,4
797,02497,General Zaragoza,0097,El Baral,-99.78178611,23.984145,59,14,8,17,3,20,6
798,02498,General Zaragoza,0098,El Puertecito Baral,-99.779355,23.98099722,120,31,13,32,10,44,5
799,02499,General Zaragoza,0099,La Lámina,-99.77691306,23.98231222,10,3,0,4,0,3,3
800,024106,General Zaragoza,0106,La Loma,-99.77674111,23.97594889,30,7,2,15,2,6,6
801,024107,General Zaragoza,0107,Puerto de Tepozanes,-99.71382778,23.92998472,1,,,,,,0
802,024109,General Zaragoza,0109,Loma Atravesada,-99.67150417,23.89909583,29,4,5,9,1,11,6
803,024111,General Zaragoza,0111,Las Manzanas,-99.64850806,23.88565278,4,,,,,,0
804,024112,General Zaragoza,0112,Los Chirriones,-99.63621389,23.88254417,16,1,4,5,3,6,5
805,024113,General Zaragoza,0113,El Rosillo,-99.62273722,23.88796167,49,16,7,11,5,15,6
806,024114,General Zaragoza,0114,Puerto del Aire,-99.61020778,23.84697806,80,17,17,20,9,26,6
807,024115,General Zaragoza,0115,Los Jabalíes,-99.54487139,23.89222722,3,,,,,,0
808,024117,General Zaragoza,0117,Calabazas (Agua de Benino),-99.62384694,23.86378056,7,,,,,,0
809,024120,General Zaragoza,0120,El Pino (Puerto el Pino),-99.87934389,23.81795667,9,3,2,2,2,2,4
810,024121,General Zaragoza,0121,Joya de San Lázaro,-99.902105,23.79737194,48,12,3,17,1,16,6
811,024127,General Zaragoza,0127,San Pablo,-99.69463167,23.78567889,7,,,,,,0
812,024128,General Zaragoza,0128,Santa Martha de Arriba,-99.68914472,23.86010528,7,,,,,,0
813,024129,General Zaragoza,0129,Santa Martha de Abajo,-99.65712917,23.85095944,2,,,,,,0
814,024130,General Zaragoza,0130,Puerto Bajo,-99.55022472,23.82244167,23,6,3,6,0,8,5
815,024131,General Zaragoza,0131,San Manuel,-99.62454139,23.80181639,4,,,,,,0
816,024132,General Zaragoza,0132,Agua de Enmedio,-99.62849833,23.81793083,5,,,,,,0
817,024133,General Zaragoza,0133,San Isidro,-99.60280889,23.82144306,6,0,5,0,0,1,2
818,024135,General Zaragoza,0135,Calandrias,-99.54007722,23.82496778,8,,,,,,0
819,024137,General Zaragoza,0137,La Joya de Alardín,-99.79416417,23.99889944,253,60,31,78,7,84,6
820,024138,General Zaragoza,0138,Bajada del Mezquite,-99.75242944,23.96856361,10,1,2,1,0,6,4
821,024145,General Zaragoza,0145,El Zapote,-99.72851222,23.95301389,2,,,,,,0
822,024150,General Zaragoza,0150,La Joya del Cedillo,-99.73746056,23.9933375,5,,,,,,0
823,024158,General Zaragoza,0158,Buena Vista,-99.8325625,24.003485,76,16,7,29,3,24,6
824,024159,General Zaragoza,0159,Agua de Abajo,-99.54774806,23.83372722,7,,,,,,0
825,024161,General Zaragoza,0161,El Corral,-99.57117694,23.96719417,6,,,,,,0
826,024166,General Zaragoza,0166,Ojo de Agua,-99.77535472,23.95252278,7,1,1,3,0,2,4
827,024167,General Zaragoza,0167,El Puertecito Laguna,-99.7826175,23.98723083,15,4,3,5,1,3,5
828,024169,General Zaragoza,0169,Rancho de Enmedio,-99.64996389,23.88783583,14,1,3,6,0,4,4
829,024173,General Zaragoza,0173,La Majada,-99.61691167,23.89253611,6,,,,,,0
830,024177,General Zaragoza,0177,El Sauz,-99.73768694,23.97763417,2,,,,,,0
831,024179,General Zaragoza,0179,Cuauhtémoc,-99.47293056,23.91337472,33,8,7,8,2,10,6
832,024180,General Zaragoza,0180,La Guajolota,-99.55406806,23.82873833,3,,,,,,0
833,024183,General Zaragoza,0183,Cieneguitas (Don Candelario),-99.98704139,23.87025972,7,,,,,,0
834,024187,General Zaragoza,0187,La Pedregosa,-99.63770444,23.98770278,2,,,,,,0
835,024189,General Zaragoza,0189,La Amistad,-99.7709625,23.95407028,15,1,8,2,4,4,5
836,024191,General Zaragoza,0191,La Mesita (El Hundido),-99.6146675,23.87673611,5,,,,,,0
837,024193,General Zaragoza,0193,El Coronado,-99.76333278,23.96906361,31,7,5,14,0,5,4
838,024194,General Zaragoza,0194,El Refugio (El Melón de Abajo),-99.62319778,23.91982222,9,,,,,,0
839,024195,General Zaragoza,0195,El Potrero (La Nuca),-99.59589556,24.01539639,2,,,,,,0
840,024196,General Zaragoza,0196,Las Palmas,-99.77493778,23.95776611,2,,,,,,0
841,024197,General Zaragoza,0197,El Olmo,-99.77389972,23.98011,10,1,5,3,0,1,4
842,024199,General Zaragoza,0199,El Álamo (La Caseña y la Pajareña),-99.76845167,23.96608667,46,14,4,16,3,12,5
843,024201,General Zaragoza,0201,La Curva,-99.77896417,23.97826861,15,4,3,5,2,3,4
844,024202,General Zaragoza,0202,La Laguna y Joya de Alardín (El Llano),-99.77980222,23.99079444,24,6,5,6,0,7,4
845,024207,General Zaragoza,0207,La Cañada,-99.76814889,23.97324583,17,4,3,6,1,4,5
846,024208,General Zaragoza,0208,El Arroyo (El Granadillo),-99.76574972,23.97833222,8,,,,,,0
847,024211,General Zaragoza,0211,El Chirrión,-99.49134583,23.89871222,7,2,2,1,0,2,3
848,024212,General Zaragoza,0212,Noé Galindo Iracheta,-100.0265994,23.88383389,4,,,,,,0
849,024213,General Zaragoza,0213,La Barranca,-99.80072722,23.98086333,11,1,1,4,1,5,4
850,024214,General Zaragoza,0214,El Cuarteado,-99.76715806,23.80751528,2,,,,,,0
851,024215,General Zaragoza,0215,La Novillera,-99.78549639,23.97839194,20,4,2,7,1,7,4
852,024216,General Zaragoza,0216,Las Cruces,-99.76352306,23.95549083,10,,,,,,0
853,024217,General Zaragoza,0217,Camino al Salto,-99.77278833,23.95766889,28,7,3,9,0,9,4
854,024218,General Zaragoza,0218,Puerto del Rayo,-99.95519583,23.92993,2,,,,,,0
855,024219,General Zaragoza,0219,El Ramonal,-99.7572725,23.96687806,21,5,1,8,1,7,5
856,0301,Iturbide,0001,Iturbide,-99.90526111,24.72597778,1759,393,299,428,78,639,6
857,0303,Iturbide,0003,El Alabastro,-99.80496111,24.46740778,5,0,2,0,1,3,2
858,0304,Iturbide,0004,El Alamar,-99.91927972,24.79160528,2,,,,,,0
859,0308,Iturbide,0008,Benito Juárez (Las Adjuntas),-99.73025417,24.46338083,54,9,10,14,5,21,6
860,0309,Iturbide,0009,La Boquilla,-99.73713028,24.50611139,27,4,5,8,1,10,6
861,03011,Iturbide,0011,Buena Vista,-99.81656583,24.48620667,84,17,15,20,4,32,6
862,03012,Iturbide,0012,Camarones,-99.76142194,24.52961111,94,19,35,19,10,21,6
863,03014,Iturbide,0014,La Colorada,-99.94067111,24.75091111,113,29,15,33,13,36,5
864,03016,Iturbide,0016,Cuevas,-99.798175,24.58703722,78,19,17,22,7,20,6
865,03018,Iturbide,0018,Los Chorros,-99.91708778,24.71032528,5,,,,,,0
866,03019,Iturbide,0019,Las Delicias,-99.96862861,24.72260861,74,16,1,34,1,23,4
867,03022,Iturbide,0022,El Fortín,-99.79574111,24.54765139,9,,,,,,0
868,03023,Iturbide,0023,Jazmínes,-99.79038528,24.57378056,7,1,3,1,0,2,3
869,03024,Iturbide,0024,Santa Rosa (Laguna de Santa Rosa),-99.85522028,24.70106583,33,3,16,1,4,13,6
870,03025,Iturbide,0025,Lampazos,-99.81456944,24.60054583,35,10,3,13,1,9,5
871,03026,Iturbide,0026,La Luz,-99.79005667,24.54410389,43,7,12,11,4,13,6
872,03027,Iturbide,0027,El Madroño,-99.77036194,24.49602361,92,19,22,15,17,36,6
873,03028,Iturbide,0028,Majaditas,-99.78514806,24.54315,2,,,,,,0
874,03029,Iturbide,0029,Marrubial,-99.74951083,24.53323583,7,0,4,0,3,3,4
875,03031,Iturbide,0031,Los Nogales,-99.77376667,24.53545556,1,,,,,,0
876,03034,Iturbide,0034,El Pino,-99.78927528,24.51663972,3,,,,,,0
877,03035,Iturbide,0035,Los Pinos,-99.84070194,24.74225694,6,,,,,,0
878,03037,Iturbide,0037,La Providencia,-99.91112861,24.68558528,14,2,1,3,1,8,5
879,03042,Iturbide,0042,La Purísima,-99.83044444,24.53503194,152,29,29,38,12,56,6
880,03044,Iturbide,0044,San Antonio de Peñitas,-99.86734278,24.66474167,102,26,18,37,3,21,6
881,03045,Iturbide,0045,San Francisco de las Adjuntas,-99.76279667,24.42816833,34,7,9,9,2,9,6
882,03048,Iturbide,0048,Santa Inés,-99.78311056,24.424375,59,14,13,19,8,13,6
883,03049,Iturbide,0049,Los Sauces,-99.907045,24.69493944,2,,,,,,0
884,03050,Iturbide,0050,El Saucillo,-99.91348972,24.70477861,69,16,4,19,2,30,6
885,03051,Iturbide,0051,El Saucito,-99.78378667,24.54060806,21,4,2,9,0,6,5
886,03064,Iturbide,0054,Siete Palos,-99.943915,24.72074167,4,,,,,,0
887,03056,Iturbide,0056,La Tijera,-99.79818278,24.56954778,17,4,1,4,0,8,4
888,03057,Iturbide,0057,Los Toros,-99.81037111,24.5056825,1,,,,,,0
889,03062,Iturbide,0062,San Antonio,-99.88676528,24.68123889,56,11,9,16,1,20,5
890,03063,Iturbide,0063,La Fábrica,-99.88231,24.67652889,19,3,4,2,3,10,5
891,03066,Iturbide,0066,Agua de Enmedio,-99.7712225,24.45996444,31,5,8,9,5,9,6
892,03067,Iturbide,0067,San José,-99.86045028,24.6588075,8,,,,,,0
893,03068,Iturbide,0068,La Mentira (Las Anacuas),-99.82367861,24.54582917,40,9,7,11,1,13,6
894,03074,Iturbide,0074,Los Pinos (Gachupines),-99.92686083,24.71626667,3,,,,,,0
895,03077,Iturbide,0077,La Noria,-99.76332278,24.5499675,6,1,4,0,0,1,3
896,03082,Iturbide,0082,La Cieneguita,-99.86553917,24.66188972,20,3,6,6,2,5,6
897,03084,Iturbide,0084,Los Nogales (Las Huertas),-99.77639972,24.53868056,2,,,,,,0
898,03085,Iturbide,0085,La Luz (El Puerto),-99.79994639,24.5465025,14,3,1,3,0,7,5
899,03086,Iturbide,0086,Altamira,-99.85231111,24.50953222,7,,,,,,0
900,03088,Iturbide,0088,Iturbide (Alejo Maldonado),-99.89926889,24.72743694,8,,,,,,0
901,03089,Iturbide,0089,Iturbide (Alejandría),-99.91321306,24.73247917,13,5,0,1,1,,3
902,03093,Iturbide,0093,Iturbide (Luis Cárdenas),-99.89836694,24.72626972,18,4,0,8,0,6,3
903,03095,Iturbide,0095,Altamira,-99.77692472,24.47447694,2,,,,,,0
904,03097,Iturbide,0097,Edmundo Carreón Mata,-99.90211083,24.72294444,9,,,,,,0
905,03098,Iturbide,0098,El Cedral,-99.92071806,24.71986111,5,,,,,,0
906,03099,Iturbide,0099,Gachupines,-99.92825556,24.71568056,14,3,2,3,0,6,4
907,030100,Iturbide,0100,La Esperanza,-99.88214111,24.70887722,1,,,,,,0
908,030101,Iturbide,0101,Mario Carreón Rodríguez,-99.90022556,24.72237306,9,,,,,,0
909,030102,Iturbide,0102,Los Sauces,-99.91217861,24.69181333,2,,,,,,0
910,030107,Iturbide,0107,Los Árboles,-99.85644722,24.68395139,3,,,,,,0
911,0361,Mier y Noriega,0001,Mier y Noriega,-100.1196694,23.42311944,1180,267,238,340,59,335,6
912,03638,Mier y Noriega,0003,La Cardona,-99.98061194,23.400945,479,94,94,156,20,135,6
913,0364,Mier y Noriega,0004,Cerros Blancos,-100.1917003,23.33772083,586,129,77,219,25,161,6
914,0365,Mier y Noriega,0005,Dolores,-100.2324489,23.51435611,549,140,73,167,56,169,6
915,0367,Mier y Noriega,0007,El Gallito,-100.0357742,23.45233639,206,40,40,57,5,69,6
916,0368,Mier y Noriega,0008,Jesús María del Terrero (El Lindero),-100.1781414,23.39883389,215,52,38,67,13,58,6
917,0369,Mier y Noriega,0009,La Joya del Zacate,-100.2751044,23.36915806,45,8,7,15,3,15,6
918,03610,Mier y Noriega,0010,Lagunita de Taberna,-100.0594533,23.48908472,208,50,22,73,9,63,6
919,03612,Mier y Noriega,0012,Las Mesas de San Juan,-100.1391322,23.50484,124,29,5,51,11,39,5
920,03613,Mier y Noriega,0013,Las Palomas (Lajillas),-100.1797736,23.54543222,865,216,47,365,44,237,6
921,03615,Mier y Noriega,0015,La Presita de Cerros Blancos (La Presita),-100.1833239,23.35680444,515,110,90,163,50,152,6
922,03617,Mier y Noriega,0017,El Refugio de Cerros Blancos,-100.2146192,23.45048722,531,137,62,173,46,159,6
923,03618,Mier y Noriega,0018,San Antonio de Alamitos,-100.2152525,23.46400583,412,112,52,134,34,114,6
924,03619,Mier y Noriega,0019,San Elías,-100.1779167,23.44358472,30,7,4,12,4,7,5
925,03620,Mier y Noriega,0020,San Isidro,-100.1731011,23.25969944,414,88,89,120,30,117,6
926,03621,Mier y Noriega,0021,San José de Cuatro Caminos,-100.2751678,23.50304583,84,14,21,18,3,31,6
927,03622,Mier y Noriega,0022,San José de Medina (Rancho de Abajo),-100.1066311,23.40508472,14,3,3,6,1,2,6
928,03624,Mier y Noriega,0024,San Rafael de los Martínez,-100.2302953,23.51741583,657,149,87,227,48,194,6
929,03625,Mier y Noriega,0025,Tapona Moreña,-100.31977,23.3646,519,108,72,169,6,170,5
930,03638,Mier y Noriega,0038,San Diego,-100.1669033,23.4227975,4,,,,,,0
931,03646,Mier y Noriega,0046,Falfurrias (San Carlos),-100.1337867,23.41654806,1,,,,,,0
932,03648,Mier y Noriega,0048,La Tortuga,-100.1755353,23.42778111,1,,,,,,0
933,03649,Mier y Noriega,0049,La Puerta de Guadalupe (Los Mireles),-100.1713919,23.43909889,4,,,,,,0
934,03653,Mier y Noriega,0053,Tanque Roto,-100.0340722,23.42402167,4,,,,,,0
935,03655,Mier y Noriega,0055,Los García,-100.1840867,23.38698056,5,,,,,,0
936,0431,Rayones,0001,Rayones,-100.0732139,25.01812222,369,82,99,73,39,115,6
937,0432,Rayones,0002,Las Adjuntas,-100.2520836,25.16996889,3,,,,,3,0
938,0434,Rayones,0004,El Aguacate,-99.99127194,25.02628861,6,,,,,6,0
939,04311,Rayones,0011,El Ancón,-100.1527397,25.1504575,14,3,5,2,0,4,4
940,04312,Rayones,0012,El Arbolito,-100.2144292,25.19361778,14,3,2,5,0,4,4
941,04316,Rayones,0016,La Cieneguilla (Puerto el Barro),-100.2199272,25.16158389,4,,,,,,0
942,04317,Rayones,0017,Ignacio Zaragoza (El Barreal),-100.1028333,25.03387778,30,6,7,8,2,9,6
943,04318,Rayones,0018,El Becerro,-100.1129339,25.03853667,1,,,,,,0
944,04324,Rayones,0024,Las Cañadas,-100.2091939,25.18699833,84,15,13,17,10,39,6
945,04325,Rayones,0025,Cartagena,-100.1492731,25.13403806,7,,,,,,0
946,04326,Rayones,0026,El Carrillo,-100.1342417,25.10487528,4,,,,,,0
947,04329,Rayones,0029,Pablo L. Sidar (Casillas),-100.2133744,25.19741194,218,45,40,69,15,64,6
948,04330,Rayones,0030,Las Casitas,-100.2037,25.24581528,7,,,,,,0
949,04331,Rayones,0031,La Cebolla,-100.1656114,25.20960583,27,4,3,6,1,14,5
950,04334,Rayones,0034,San Ciprián (Ciprián de Abajo),-100.0211703,25.01645806,31,7,2,13,0,9,4
951,04338,Rayones,0038,Los Cuartos,-100.1262092,25.08797472,10,2,4,0,3,4,4
952,04339,Rayones,0039,El Cuervo,-100.110415,25.03285611,105,19,26,24,7,36,5
953,04341,Rayones,0041,Chihuahua,-100.0621781,25.02329611,2,,,,,,0
954,04345,Rayones,0045,Emilio Carranza,-100.1438992,25.12565528,147,26,22,39,13,60,5
955,04347,Rayones,0047,Los Encinos,-100.1876,25.18013611,66,15,11,22,9,18,6
956,04350,Rayones,0050,La Florida,-100.0455758,25.021635,5,,,,,,0
957,04351,Rayones,0051,Las Gallinas,-100.2229075,25.21388917,27,5,7,4,0,11,5
958,04356,Rayones,0056,El Goche,-100.1123172,25.03527194,15,1,8,1,1,5,4
959,04360,Rayones,0060,Juquialanes,-100.0639453,25.00335306,8,,,,,,0
960,04361,Rayones,0061,Labores de Adentro,-100.2282453,25.18100028,17,5,6,4,2,2,5
961,04368,Rayones,0068,Las Medias,-100.1992264,25.19139083,12,3,5,1,1,3,4
962,04369,Rayones,0069,La Merced,-100.0166333,25.02309361,2,,,,,,0
963,04370,Rayones,0070,La Mesa,-100.1091742,25.04202611,3,,,,,,0
964,04371,Rayones,0071,Míreles y Anexas (Los Metates),-100.0647072,25.02632,8,1,2,2,2,3,5
965,04372,Rayones,0072,Monte Blanco,-100.1196131,25.0432925,2,,,,,,0
966,04373,Rayones,0073,Monte Redondo,-100.1788536,25.17251,7,,,,,,0
967,04375,Rayones,0075,El Nogal,-100.1255133,25.04614806,3,,,,,,0
968,04376,Rayones,0076,Los Nogales,-100.1635619,25.16063028,25,5,9,4,1,7,6
969,04382,Rayones,0082,Pedro Carrizales,-100.0571942,25.01212472,100,23,16,24,17,37,5
970,04383,Rayones,0083,Pedro Carrizales,-100.0647986,24.97913472,149,32,20,41,23,56,6
971,04384,Rayones,0084,La Peña,-100.0485114,25.02619528,3,,,,,,0
972,04387,Rayones,0087,Los Pocitos,-100.1933814,25.23512278,17,4,3,3,1,7,5
973,04390,Rayones,0090,Puerto Grande,-100.1823181,25.22669528,23,7,2,5,1,9,5
974,04393,Rayones,0093,Los Quemaditos,-100.2263722,25.18851833,12,3,2,5,1,2,4
975,04395,Rayones,0095,El Ranchito,-100.1820522,25.22413694,5,,,,,,0
976,04397,Rayones,0097,El Real (El Realito),-100.2016664,25.19392222,10,2,3,1,0,4,3
977,04398,Rayones,0098,Los García (Los Rincones),-100.1042267,25.02910778,8,,,,,,0
978,04399,Rayones,0099,La Sabanilla,-100.0934347,25.03683722,3,,,,,,0
979,043102,Rayones,0102,San Andrés,-99.98848417,25.03869833,3,,,,,,0
980,043103,Rayones,0103,San Blas,-100.0872583,25.03146278,9,1,4,3,0,1,4
981,043105,Rayones,0105,San Juanito,-100.0977439,25.03207722,8,0,5,0,0,3,1
982,043108,Rayones,0108,Santa Rita,-100.1611756,25.15583778,7,,,,,,0
983,043109,Rayones,0109,José María Morelos (Santa Rosa),-100.2016661,25.08055389,160,33,30,45,3,52,5
984,043110,Rayones,0110,El Taray,-100.1854167,25.22946083,7,,,,,,0
985,043113,Rayones,0113,El Tepozán,-100.1728122,25.21516694,9,1,3,0,0,5,3
986,043115,Rayones,0115,El Topetón,-100.1177025,25.03832944,4,,,,,,0
987,043118,Rayones,0118,La Tosca,-100.1225386,25.0856075,1,,,,,,0
988,043119,Rayones,0119,Las Trancas,-100.2229794,25.21683194,16,4,5,3,2,4,5
989,043121,Rayones,0121,El Tular,-100.2218956,25.18896722,54,14,9,14,4,17,6
990,043122,Rayones,0122,La Ventana,-100.1539089,25.14242083,24,4,7,7,3,6,6
991,043123,Rayones,0123,Mariano Escobedo (Las Venturas),-100.0880211,25.02384861,38,6,14,8,1,10,5
992,043127,Rayones,0127,La Zorra,-100.1053919,25.03773194,2,,,,,,0
993,043128,Rayones,0128,El Barreno (Los Pedacitos),-100.1317919,25.10520944,9,3,2,1,0,3,4
994,043130,Rayones,0130,El Alamar (El Sarro),-100.1888208,25.18639361,10,3,1,3,0,3,4
995,043131,Rayones,0131,Los Cirrales,-100.2267403,25.23514667,18,5,4,3,0,6,3
996,043133,Rayones,0133,La Diojeda,-99.99520917,25.02432278,4,,,,,,0
997,043134,Rayones,0134,Despoblado de Abajo,-100.1300767,25.09807694,14,3,3,2,0,6,5
998,043139,Rayones,0139,Los Chilares,-100.2252589,25.22571194,16,6,1,5,0,4,4
999,043142,Rayones,0142,Las Mesitas,-100.1191053,25.03571889,2,,,,,,0
1000,043143,Rayones,0143,Rodrigo Ponce (La Nopalera),-100.0092242,25.02745111,18,3,2,9,3,4,5
1001,043146,Rayones,0146,Lagunillas,-100.219345,25.26788889,7,,,,,,0
1002,043147,Rayones,0147,El Barreno,-100.2027028,25.18461972,7,,,,,,0
1003,043149,Rayones,0149,Pedro Carrizales,-100.0829978,25.0175475,64,14,12,17,2,21,6
1004,043152,Rayones,0152,La Coma,-100.089455,25.01801611,7,,,,,,0
1005,043153,Rayones,0153,El Porvenir,-100.1458558,25.0511275,6,,,,,,0
1006,043154,Rayones,0154,El Encinal (El Encinal de Abajo),-100.0994397,25.0261325,6,1,0,1,0,4,4
1007,043155,Rayones,0155,El Mimbral,-100.2030244,25.0993025,1,,,,,,0
1008,043160,Rayones,0160,Los Corcovados,-100.0664717,25.00675944,1,,,,,,0
1009,043164,Rayones,0164,El Gato,-100.0317389,25.01692694,7,,,,,,0
1010,043165,Rayones,0165,Los Potreritos,-99.99854472,25.02764694,2,,,,,,0
1011,043166,Rayones,0166,Los Turco,-100.0693161,25.01684083,7,,,,,,0
1012,043167,Rayones,0167,Ampliación Emiliano Zapata,-100.0804644,25.01283694,33,8,1,11,0,13,3
1013,043169,Rayones,0169,El Sabino Gordo,-100.0807603,25.0224375,2,,,,,2,0
1014,043170,Rayones,0170,Emiliano Zapata,-100.0863333,25.0174025,169,46,18,45,5,60,6
1015,043173,Rayones,0173,La Gloria,-100.20195,25.17971778,12,3,2,3,1,4,5